,Channel,Text,Date,Compound,Positive,Neutral,Negative
0,BBC,RT @bbcthree: Housemates who never take the bins out? A girlfriend who keeps forgetting your name? Let Uncle @RomeshRanga help https://t.co‚Ä¶,Thu Jun 28 16:13:35 +0000 2018,0.4696,0.139,0.861,0.0
1,BBC,"Half of all people who drown never intended to be in the water.

Knowing this could save a life üëá https://t.co/94IezeCREn",Thu Jun 28 16:00:25 +0000 2018,-0.128,0.115,0.753,0.133
2,BBC,"RT @BBC6Music: If you could pick just one Erykah Badu (@fatbellybella) tune, which would you choose?

Here's @JanelleMonae on one - maybe t‚Ä¶",Thu Jun 28 15:52:28 +0000 2018,0.0,0.0,1.0,0.0
3,BBC,"RT @BBCR1: TONIGHT Elton John (@eltonofficial) picks the Party Playlist for @AnnieMac - you don't want to miss this! Expect Aretha, Rihanna‚Ä¶",Thu Jun 28 15:22:37 +0000 2018,0.4963,0.188,0.761,0.052
4,BBC,"Narcissists might be irritating attention seekers - but they are also *annoyingly* likely to be successful, accordi‚Ä¶ https://t.co/yguYXaIv0d",Thu Jun 28 13:00:23 +0000 2018,0.6369,0.234,0.676,0.09
5,BBC,üò≤ Raghda Ezzeldin can hold her breath under water for more than five minutes! https://t.co/x8hOifrjWI,Thu Jun 28 12:02:08 +0000 2018,0.4389,0.162,0.838,0.0
6,BBC,"RT @BBCNews: Prince William is expected to visit his great-grandmother's grave in Jerusalem.

She was Princess Alice of Greece, who helped‚Ä¶",Thu Jun 28 11:47:05 +0000 2018,-0.3818,0.0,0.885,0.115
7,BBC,ü¶î A hedgehog which it is thought could be the world's fattest has been placed on a strict diet and exercise regime.‚Ä¶ https://t.co/351IQDFz3F,Thu Jun 28 11:16:03 +0000 2018,0.0,0.0,1.0,0.0
8,BBC,"Plastic. It‚Äôs durable, dependable and virtually indestructible.

#PlasticsAction https://t.co/4wNNoNfvPt",Thu Jun 28 10:12:00 +0000 2018,0.1531,0.167,0.833,0.0
9,BBC,Minimalism is not just about having few possessions. https://t.co/0rRvrVm6Sz,Thu Jun 28 08:01:07 +0000 2018,0.0,0.0,1.0,0.0
10,BBC,"What would happen if we knew when and how we were going to die?
üëâ https://t.co/S0q9fwOYBs https://t.co/tLLJOAjuZX",Thu Jun 28 07:25:04 +0000 2018,-0.5994,0.0,0.83,0.17
11,BBC,"How do you convince millions of people living off-grid in India to embrace solar power?
#BBCTakingTheTemperature https://t.co/VmIq95ebZb",Thu Jun 28 07:01:02 +0000 2018,0.5106,0.223,0.777,0.0
12,BBC,"A raw and unfiltered insight into the bloodiest conflict since the Second World War.

Storyville: This is Congo | 1‚Ä¶ https://t.co/8biUiR6fAI",Wed Jun 27 20:01:05 +0000 2018,-0.7351,0.0,0.733,0.267
13,BBC,"üòÇ  @Cher's ""criminal"" past is üò≥...
#TheGNShow https://t.co/O3bSFbOaO9",Wed Jun 27 19:02:01 +0000 2018,0.4404,0.242,0.637,0.121
14,BBC,üéß Can you believe DJ Switch only started DJ-ing a year ago? https://t.co/b5CY3vEX7Q,Wed Jun 27 18:00:25 +0000 2018,0.0,0.0,1.0,0.0
15,BBC,Something deadly lies beneath the ice in Iceland... https://t.co/IqWwmtfTkk,Wed Jun 27 16:04:05 +0000 2018,-0.4215,0.0,0.741,0.259
16,BBC,"üï∫ *Knight Fever* 

Bee Gee Sir Barry Gibb paid tribute to his late brothers as he collected his knighthood on Tuesd‚Ä¶ https://t.co/LLIHYKRfhR",Wed Jun 27 15:09:27 +0000 2018,0.0,0.0,1.0,0.0
17,BBC,RT @bbccomedy: Some writing advice from an expert... #NationalWritingDay @RealMattLucas @davidwalliams https://t.co/lz2MQzpvKY,Wed Jun 27 14:42:13 +0000 2018,0.0,0.0,1.0,0.0
18,BBC,"French butchers have written to the government asking for protection against militant vegans.
üëâ‚Ä¶ https://t.co/6pgMQ46tUR",Wed Jun 27 13:05:07 +0000 2018,0.0,0.0,1.0,0.0
19,BBC,‚òïÔ∏è How a simple change is cutting coffee cup waste https://t.co/kkbcSZvFn3,Wed Jun 27 11:52:00 +0000 2018,-0.5106,0.0,0.65,0.35
20,BBC,"RT @BBCBreakfast: Dear Summer, ‚òÄÔ∏è
We're enjoying this lovely weather. Can you stay?
Lots of love - The entire UK x
#heatwave https://t.co/g‚Ä¶",Wed Jun 27 11:39:52 +0000 2018,0.9403,0.464,0.536,0.0
21,BBC,"ü¶îüßô Did you know people used to think hedgehogs were witches?

Here are nine things you might not know about the hum‚Ä¶ https://t.co/Wj7a5idS4m",Wed Jun 27 11:03:04 +0000 2018,0.0,0.0,1.0,0.0
22,BBC,"üòê This is what happens when you hire an arts and crafts teacher to freshen up a 16th-Century wooden sculpture.
üëâ‚Ä¶ https://t.co/qVNcgsGM8C",Wed Jun 27 09:30:20 +0000 2018,0.0,0.0,1.0,0.0
23,BBC,RT @BBCArchive: Computer geeks - this is your lucky day! You can now watch all 146 original programmes and run 161 programs from the 1980s‚Ä¶,Wed Jun 27 08:47:40 +0000 2018,0.6114,0.194,0.756,0.05
24,BBC,üëü @MumsnetTowers founder @Justine_Roberts on why you should always wear trainers to work. https://t.co/FgTPRo5Agm,Wed Jun 27 08:01:05 +0000 2018,0.0,0.0,1.0,0.0
25,BBC,"üò¥ The colour cyan - between green and blue - is a hidden factor in encouraging or preventing sleep, according to bi‚Ä¶ https://t.co/HogBXzm2Y5",Wed Jun 27 07:29:04 +0000 2018,0.5106,0.145,0.809,0.047
26,BBC,Inside the community where people with learning disabilities and the people who care for them live and work togethe‚Ä¶ https://t.co/LurfYqtc84,Wed Jun 27 07:01:05 +0000 2018,0.4939,0.144,0.856,0.0
27,BBC,"RT @BBC6Music: Did @kanyewest and @theweeknd ""blatantly"" rip off @nineinchnails' live show?

Weds, Noon BST: Nine Inch Nails' @trent_reznor‚Ä¶",Tue Jun 26 21:20:15 +0000 2018,0.0,0.0,1.0,0.0
28,BBC,"üòéüî•üç¶ Hot temperatures in the UK are expected to last until the weekend.
üëâ https://t.co/ZhZVaKJuqf

#HeatwaveUK https://t.co/smTw2ule2v",Tue Jun 26 19:05:08 +0000 2018,0.0,0.0,1.0,0.0
29,BBC,"Tonight, @itsanitarani and @bbcnickrobinson ask tough questions about the NHS in a special live event. 

 NHS at 70‚Ä¶ https://t.co/Wu4ECf7qic",Tue Jun 26 18:03:06 +0000 2018,0.296,0.134,0.792,0.074
30,BBC,How would you feel if the builder only made you half a house? https://t.co/yaWB0USzex,Tue Jun 26 17:02:02 +0000 2018,0.0,0.0,1.0,0.0
31,BBC,"RT @bbcwritersroom: Tomorrow, Wednesday 27th June is #NationalWritingDay! @writeday

As part of the events we're running a live Twitter Q&amp;A‚Ä¶",Tue Jun 26 16:33:41 +0000 2018,0.0,0.0,1.0,0.0
32,BBC,üçÖ You can grow tomatoes in Iceland?!   https://t.co/ndmcf1SL8y,Tue Jun 26 16:00:15 +0000 2018,0.0,0.0,1.0,0.0
33,BBC,"RT @BBCWales: #ToProvideAllPeople: A star-studded film written by @OwenSheers to mark #NHS70.

Starring @MichaelSheen, @TeamEveMyles, @Pack‚Ä¶",Tue Jun 26 14:52:03 +0000 2018,0.0,0.0,1.0,0.0
34,BBC,"RT @BBCRadio2: To celebrate the anniversary of 1988's second Summer of Love, @djgarydavies, @ZoeTheBall, and @MsAnaMatronic are heading to‚Ä¶",Tue Jun 26 14:32:33 +0000 2018,0.836,0.317,0.683,0.0
35,BBC,"RT @BBCR1: Happy Birthday, @ArianaGrande! üéà‚ú®

Here's a throwback to her offering some 10/10 relationship advice to callers on @R1Breakfast‚Ä¶",Tue Jun 26 13:12:16 +0000 2018,0.6114,0.182,0.818,0.0
36,BBC,"üöÑüòΩüéÄ Japan has unveiled a pink bullet train themed around the cartoon character #HelloKitty.
üëâ‚Ä¶ https://t.co/uPA1cevSHt",Tue Jun 26 12:58:04 +0000 2018,0.0,0.0,1.0,0.0
37,BBC,"Activist
Poet
Director
Actor
Writer...

...and inspiration https://t.co/oOpo1fJV5K",Tue Jun 26 12:02:04 +0000 2018,0.5267,0.327,0.673,0.0
38,BBC,"üçïüíê Would you say 'I dough' to this pizza bouquet?
üëâ https://t.co/HqnBOtPZlN https://t.co/BJqFMcpWKv",Tue Jun 26 11:02:03 +0000 2018,0.0,0.0,1.0,0.0
39,BBC,"üåç‚ôªÔ∏èüí•üëä
What will your #PlasticsAction be? https://t.co/QQ1ZBgNyZN",Tue Jun 26 09:30:00 +0000 2018,0.0,0.0,1.0,0.0
40,BBC,Turns out you're biased in all sorts of ways you may not realise. https://t.co/yZ0ziOfX2L,Tue Jun 26 08:00:16 +0000 2018,-0.2732,0.0,0.861,0.139
41,BBC,"Seabirds are starving to death on the remote Lord Howe Island, a crew filming for the @BBCOne documentary‚Ä¶ https://t.co/XHDOBZn5Yb",Tue Jun 26 07:26:08 +0000 2018,-0.7717,0.0,0.705,0.295
42,BBC,üíï Julie is the childcare champion in the heart of the Gorbals. https://t.co/LcdEhzyTBG,Tue Jun 26 07:00:12 +0000 2018,0.5994,0.231,0.769,0.0
43,BBC,‚ú® These women are ditching their straighteners and embracing their natural hair. https://t.co/BTgEiHth2E,Mon Jun 25 18:03:04 +0000 2018,0.5859,0.304,0.696,0.0
44,BBC,Two teams of junior doctors from teaching hospitals around Britain go head to head in a medical-themed quiz show. üè•‚Ä¶ https://t.co/1z99Ax1RcK,Mon Jun 25 17:31:08 +0000 2018,0.0,0.0,1.0,0.0
45,BBC,"üôåüòÇ Well, that escalated quickly.
#HearHer #LiveAtTheApollo  https://t.co/4Bfa81zCSI",Mon Jun 25 16:02:03 +0000 2018,0.2732,0.231,0.769,0.0
46,BBC,RT @BBCTwo: SO much tension between Louis and the Queen! üò¨üëëüá´üá∑ #Versailles https://t.co/mT2tDG3Hen,Mon Jun 25 15:01:34 +0000 2018,-0.5524,0.0,0.771,0.229
47,BBC,RT @BBCTwo: brb just gonna pop inside for some fresh air... ‚òÄÔ∏èüò∞ https://t.co/rlTBirEDF2,Mon Jun 25 14:57:32 +0000 2018,0.3182,0.161,0.839,0.0
48,BBC,"RT @bbcarts: If you‚Äôre from the North this will make you well up with pride. ‚ù§Ô∏è
@lemnsissay delivers an impassioned reading of the poem he‚Ä¶",Mon Jun 25 13:48:41 +0000 2018,0.5423,0.158,0.842,0.0
49,BBC,"üê∂üòç They're all beautiful in our eyes! 
#WorldsUgliestDog https://t.co/qrQgVqtwt4",Mon Jun 25 13:03:07 +0000 2018,0.636,0.344,0.656,0.0
50,BBC,üôåüí™ @ChelseaClinton says it's time we rethink gender stereotypes and work harder to celebrate women. https://t.co/xgejAk33oK,Mon Jun 25 12:04:05 +0000 2018,0.5719,0.198,0.802,0.0
51,BBC,"üìñ‚ú®üå≤ From the Forbidden Forest at Hogwarts to Pooh's Hundred Acre Wood, here are six magical forests we love from ch‚Ä¶ https://t.co/hCU6am8R3o",Mon Jun 25 11:01:03 +0000 2018,0.34,0.156,0.741,0.104
52,BBC,"üåã Lava from Hawaii's Kilauea volcano creeps closer to more homes. 
 https://t.co/NfFXiwtVy7",Mon Jun 25 10:12:49 +0000 2018,0.0,0.0,1.0,0.0
53,BBC,This headteacher is budgeting to buy hygiene products for pupils as she's found some parents are struggling to affo‚Ä¶ https://t.co/Bm4PrQ8ucC,Mon Jun 25 08:03:05 +0000 2018,-0.4215,0.0,0.872,0.128
54,BBC,"ü§ñ What does it mean for AI to have a soul?
üëâ https://t.co/OkxIzH9cA2 https://t.co/XcEYkoIbst",Mon Jun 25 07:26:06 +0000 2018,0.0,0.0,1.0,0.0
55,BBC,Should we bring the woolly mammoth back from the dead? https://t.co/PASQyyoCXW,Mon Jun 25 07:00:13 +0000 2018,-0.6486,0.0,0.699,0.301
56,BBC,"Follow the inner workings of @nytimes, one of the most prolific American media outlets, during the first 12 months‚Ä¶ https://t.co/sTcKSPw5QW",Sun Jun 24 19:03:02 +0000 2018,0.0,0.0,1.0,0.0
57,BBC,üöó üá∏üá¶ Women in Saudi Arabia are hitting the road as the country's ban on women driving officially ends. https://t.co/RLv1njCk5t,Sun Jun 24 18:32:03 +0000 2018,-0.5574,0.0,0.847,0.153
58,BBC,"RT @BBCWthrWatchers: Beautiful ""night shining"" clouds, captured by our Weather Watchers #NoctilucentClouds https://t.co/FE9F3YQ3Kd",Sun Jun 24 18:10:27 +0000 2018,0.5994,0.245,0.755,0.0
59,BBC,"This. Will. Hurt.

@IdrisElba returns as the inimitable DCI #Luther. Coming soon to @BBCOne. https://t.co/AOmhtLjldy",Sun Jun 24 18:04:04 +0000 2018,-0.5267,0.0,0.805,0.195
60,BBC,"43% of female festival goers under 40 say they've faced unwanted sexual behaviour at a music festival, a new survey‚Ä¶ https://t.co/Wd5gcaHCgH",Sun Jun 24 17:08:05 +0000 2018,0.6705,0.263,0.658,0.078
61,BBC,"Imagine waking up one morning and you've lost the ability to speak or move your hands.
(via @BBCThree) https://t.co/M8IJVGSoE7",Sun Jun 24 16:02:06 +0000 2018,0.0,0.106,0.787,0.106
62,BBC,"In the aftermath of Hurricane Maria, Michelin-starred @chefjoseandres managed to feed more Puerto Ricans than any g‚Ä¶ https://t.co/HHjrHbsIb8",Sun Jun 24 15:18:03 +0000 2018,0.0,0.0,1.0,0.0
63,BBC,"RT @BBCMOTD: #ENG win 6-1 ‚úÖ
On a Sunday ‚úÖ
In the Sun ‚úÖ

Live scenes across England right now ‚òÄüéâ

#ENGPAN https://t.co/pOqaVykdHG",Sun Jun 24 14:29:47 +0000 2018,0.5859,0.112,0.888,0.0
64,BBC,"‚ù§Ô∏èüíç Game of Thrones stars, Rose Leslie and Kit Harington have tied the knot at a ceremony in Aberdeenshire.
üëâ‚Ä¶ https://t.co/VzvDpNHgRO",Sun Jun 24 14:20:08 +0000 2018,0.0,0.0,1.0,0.0
65,BBC,"üíîü¶ç Koko the gorilla sadly passed away this week, aged 46.

This is the story of her life. https://t.co/rIRb7mHpJx",Sun Jun 24 13:03:02 +0000 2018,-0.4215,0.0,0.865,0.135
66,BBC,üêõ Did you know there's a whole world on the back of a sloth?  https://t.co/wRWmXa7j4R,Sun Jun 24 12:02:03 +0000 2018,0.0,0.0,1.0,0.0
67,BBC,"ü•ëü•ïüåû These summery vegan dishes are perfect for when it's hot (and still delicious when it's not!) 

üëâ‚Ä¶ https://t.co/n8Nra5f9Jl",Sun Jun 24 11:04:03 +0000 2018,0.8268,0.312,0.688,0.0
68,BBC,"RT @BBCWorld: ""At last!""

Saudi Arabia becomes the last country in the world to allow women to drive. https://t.co/vfOqNTBk9o https://t.co/‚Ä¶",Sun Jun 24 10:52:39 +0000 2018,0.2942,0.103,0.897,0.0
69,BBC,"Getting ready for #ENG v #PAN like... Ô∏è‚öΩÔ∏èüèÜüí™ @JKCorden #WorldCup 

https://t.co/EbID4RxLuE",Sun Jun 24 10:03:02 +0000 2018,0.3612,0.217,0.783,0.0
70,BBC,"RT @BBC6Music: Ah, it seems so peaceful @GlastoFest this weekend. (via @bbcsomerset)  https://t.co/JzF0sbDEEh",Sun Jun 24 09:33:12 +0000 2018,0.6269,0.255,0.745,0.0
71,BBC,"Today, England play their first ever match against #WorldCup debutants Panama. ü¶Åü¶Åü¶Å

World Cup 2018: #ENG v #PAN | 1‚Ä¶ https://t.co/rZLcc8qfZ8",Sun Jun 24 09:04:05 +0000 2018,0.34,0.118,0.882,0.0
72,BBC,"RT @BBCWorld: New Zealand's PM reveals her daughter's name as she leaves hospital in Auckland üë∂üá≥üáø

https://t.co/5E751apfOg https://t.co/Zt7‚Ä¶",Sun Jun 24 08:37:50 +0000 2018,0.0,0.0,1.0,0.0
73,BBC,"What's happened since #BluePlanet2 first aired and what does Sir David Attenborough think about the response?
üëâ‚Ä¶ https://t.co/Qo4Nu3wQHT",Sun Jun 24 08:20:08 +0000 2018,0.0,0.0,1.0,0.0
74,BBC,"‚öΩÔ∏è‚ù§Ô∏è I. Bloody. Love. Football. 
#WorldCup https://t.co/vrmHGAfFYY",Sun Jun 24 07:01:05 +0000 2018,0.3182,0.347,0.413,0.24
75,BBC,"Over the last 50 years, the flesh-footed shearwater population has dropped by 30%.

Plastic is a major cause of the‚Ä¶ https://t.co/KwcWT38E6F",Sat Jun 23 20:12:00 +0000 2018,0.0,0.0,1.0,0.0
76,BBC,"Live coverage of England's clash with New Zealand in Colorado, USA. üèâ

Rugby League: New Zealand v England | 9pm |‚Ä¶ https://t.co/gNfWK4lAsg",Sat Jun 23 19:02:02 +0000 2018,0.0,0.0,1.0,0.0
77,BBC,‚òÄÔ∏èüôå Thousands of people gathered at Stonehenge this week to watch the sunrise and celebrate the #SummerSolstice. https://t.co/f0PA5HYgRK,Sat Jun 23 17:06:01 +0000 2018,0.5719,0.179,0.821,0.0
78,BBC,"‚öΩüêù Goal!!!
These clever bumblebees have been taught to play football. https://t.co/00fEPKxEYQ",Sat Jun 23 16:02:02 +0000 2018,0.7412,0.386,0.614,0.0
79,BBC,"üì±‚ôøÔ∏è This 13-year-old made an app to help disabled people find accessible services. 
(via @BBCThree) https://t.co/EkjrhQOFi3",Sat Jun 23 15:00:27 +0000 2018,0.4019,0.153,0.847,0.0
80,BBC,"Unlocking the hidden life of Frida Kahlo.
üëâ https://t.co/g8KqGCs5JX https://t.co/SyRnFXRvNQ",Sat Jun 23 14:02:01 +0000 2018,0.0,0.0,1.0,0.0
81,BBC,"üé∂üé§Meet the stockbroker who writes hits for @LittleMix and @JessGlynne 

https://t.co/zYl0M4CHcj https://t.co/s8HYxwiDKr",Sat Jun 23 12:57:05 +0000 2018,0.0,0.0,1.0,0.0
82,BBC,"üé∂ SOUND ON üé∂ 
Below the big blue there is green! üíö
#OurBluePlanet w/ @OceanX https://t.co/E46jJvtmrN",Sat Jun 23 12:00:16 +0000 2018,0.0,0.0,1.0,0.0
83,BBC,"Faced with extreme weather, Bolivian farmers are going underground.
#BBCTakingTheTemperature https://t.co/ocATWI0jPL",Sat Jun 23 11:01:06 +0000 2018,0.0,0.0,1.0,0.0
84,BBC,"The ban on microbeads in certain products has begun in England and Scotland.

Here are some natural alternatives so‚Ä¶ https://t.co/vqESNyr5qD",Sat Jun 23 10:02:04 +0000 2018,0.0,0.183,0.675,0.143
85,BBC,"üòçüêø Baby squirrels grow up so fast! 
#SuperSquirrels https://t.co/NzSE4lUIC8",Sat Jun 23 09:01:05 +0000 2018,0.0,0.0,1.0,0.0
86,BBC,There has been a significant fall in the number of cases of HPV following the introduction of a vaccine for young w‚Ä¶ https://t.co/19trkIMZ91,Sat Jun 23 07:59:02 +0000 2018,0.2732,0.14,0.86,0.0
87,BBC,"‚ôªÔ∏èüåçSmall actions can make a big difference. 
#PlasticsAction

https://t.co/AWXUYNJ4e3 https://t.co/9Khy2bq19Z",Sat Jun 23 07:22:00 +0000 2018,0.0,0.0,1.0,0.0
88,BBC,"RT @BBCBreakfast: So many reasons to love¬†the #NorthEast of #England.
#Inventions https://t.co/xVseuMG347",Fri Jun 22 19:11:28 +0000 2018,0.6369,0.259,0.741,0.0
89,BBC,"RT @bbcworldservice: Born without a jaw, Isaiah Acosta has never spoken a word, yet he‚Äôs gone on to fulfil his dream of becoming a rapper.‚Ä¶",Fri Jun 22 19:11:15 +0000 2018,0.25,0.087,0.913,0.0
90,BBC,"RT @bbcstories: Today marks 70 years since the arrival of Caribbean migrants on the Empire Windrush ship to the UK.

 Back in 2018, how has‚Ä¶",Fri Jun 22 19:10:41 +0000 2018,0.0,0.0,1.0,0.0
91,BBC,RT @BBCTwo: How long would it take you to demolish this AMAZING burger? üçîüòµ #MillionPoundMenu https://t.co/KH8VHK2rE6,Fri Jun 22 19:10:14 +0000 2018,0.7518,0.265,0.735,0.0
92,BBC,"RT @BBCFOUR: With over 10,000 credits, Carol Kaye is one of the most prolific bassists of all time ‚Äì and her bragging rights are *amazing*.‚Ä¶",Fri Jun 22 19:09:53 +0000 2018,0.3612,0.098,0.902,0.0
93,BBC,"‚ù§Ô∏èüêø Meet the sabre-toothed squirrel whose life was saved by an amateur dentist.
üëâ https://t.co/C6gXwp7Yke https://t.co/fp3vGzEW5S",Fri Jun 22 19:04:06 +0000 2018,0.4215,0.135,0.865,0.0
94,BBC,"üòÇüëõ Everyone has that one mate who always loses their purse... 
#HearHer #LiveAtTheApollo https://t.co/DinViMhGVm",Fri Jun 22 18:01:05 +0000 2018,-0.3182,0.0,0.85,0.15
95,BBC,üêæüê∂üíï Would you give a deaf dog a home? https://t.co/sjbsjOEzqT,Fri Jun 22 17:00:21 +0000 2018,0.0,0.0,1.0,0.0
96,BBC,"When the weekend's so close you can almost touch it...  üôå #FridayFeeling
 @Camila_Cabello https://t.co/eosSiBxZft",Fri Jun 22 16:01:00 +0000 2018,0.0,0.0,1.0,0.0
97,BBC,"üòÇüé§ Hello, it's literally me... 
#HearHer https://t.co/7XMLDQMR3B",Fri Jun 22 13:02:03 +0000 2018,0.0,0.0,1.0,0.0
98,BBC,Questions for a Sikh https://t.co/UhKZNiTRtC,Fri Jun 22 12:03:05 +0000 2018,0.0,0.0,1.0,0.0
99,BBC,"Why do only some people get blackout drunk?
üëâ https://t.co/4C8KOCcSsU https://t.co/8S8axGO0F5",Fri Jun 22 11:00:13 +0000 2018,-0.34,0.0,0.844,0.156
100,CBS,What‚Äôs summer without @CBSBigBrother? ‚òÄÔ∏è RT if you‚Äôre counting down the hours to the #BB20 premiere TONIGHT at 8/7c‚Ä¶ https://t.co/Xp1s4Fp5J8,Wed Jun 27 20:31:32 +0000 2018,0.0,0.0,1.0,0.0
101,CBS,"It looks like you...

(‚Ä¢_‚Ä¢)
( ‚Ä¢_‚Ä¢)&gt;‚åê‚ñ†-‚ñ†
(‚åê‚ñ†_‚ñ†)

Have a lot of TV to watch!

Celebrate #NationalSunglassesDay with H‚Ä¶ https://t.co/Babt4ajIgV",Wed Jun 27 14:00:01 +0000 2018,0.7574,0.289,0.711,0.0
102,CBS,The world will finally know the truth. ‚òÑÔ∏è Make sure to tune in to the heart-pounding Season 2 premiere of‚Ä¶ https://t.co/mqMleW90DY,Mon Jun 25 18:20:25 +0000 2018,0.5574,0.204,0.796,0.0
103,CBS,Tonight's the night! Don't miss model @ashleygraham on the season finale of Celebrity @undercover_cbs at 8/7c. https://t.co/iBxAOcOF7a,Fri Jun 22 21:19:06 +0000 2018,0.1867,0.098,0.902,0.0
104,CBS,"Every day is #TakeYourDogToWorkDay for shows like @HawaiiFive0CBS, @MomCBS, @SEALTeamCBS, and @bigbangtheory! https://t.co/DJaOt1VQcw",Fri Jun 22 18:33:53 +0000 2018,0.4199,0.189,0.811,0.0
105,CBS,"Lights, camera, selfie! üì∏¬†Could there be a better photo for #NationalSelfieDay? https://t.co/14Ewx64yKC",Thu Jun 21 23:29:50 +0000 2018,0.4926,0.197,0.803,0.0
106,CBS,There‚Äôs nothing quite like watching a contestant win a brand new car on @PriceIsRight. üëè  https://t.co/aKlFikYAMM,Wed Jun 20 00:39:01 +0000 2018,0.3555,0.199,0.68,0.122
107,CBS,Time to make your predictions for #BB20! üëè Get to know the @CBSBigBrother Houseguests before the big premiere next‚Ä¶ https://t.co/jlpIchJ9sk,Mon Jun 18 20:27:50 +0000 2018,0.0,0.0,1.0,0.0
108,CBS,RT @CBSBigBrother: Meet the cast of #BB20... before anyone else! Start streaming all their live interviews beginning at 11am EST/8am PST on‚Ä¶,Mon Jun 18 15:00:46 +0000 2018,0.0,0.0,1.0,0.0
109,CBS,"Today and every day we celebrate their love, guidance, and support. Happy #FathersDay to every kind of dad! https://t.co/Wffax1khBH",Sun Jun 17 13:00:01 +0000 2018,0.9392,0.493,0.507,0.0
110,CBS,"Casting Alert! @paulwesley, @DaniaJRamirez &amp; @JamesWolk are set to star in the upcoming CBS All Access psychologica‚Ä¶ https://t.co/JnZMrzT92n",Fri Jun 15 18:48:29 +0000 2018,0.3595,0.128,0.872,0.0
111,CBS,"In case you missed it, watch the entire #TonyAwards now: https://t.co/Bm0yNV3Ff3 https://t.co/h3YnFkmSQJ",Thu Jun 14 17:30:00 +0000 2018,-0.296,0.0,0.833,0.167
112,CBS,RT @StrangeAngel: Mastermind or maniac? Explore the brilliant mind of Jack Parsons in #StrangeAngel. Now streaming on CBS All Access: https‚Ä¶,Thu Jun 14 16:19:32 +0000 2018,0.1779,0.147,0.734,0.12
113,CBS,"No pain, no gain, ALL Hart! Just one month until the premiere of @TKOCBS hosted by @KevinHart4real. https://t.co/C1yMCglxVn",Tue Jun 12 00:19:23 +0000 2018,-0.5562,0.134,0.551,0.315
114,CBS,"RT @TheNeighborhood: Welcome to #TheNeighborhood, @BethBehrs! The @2BrokeGirls star returns to @CBS in a new sitcom alongside @CedEntertain‚Ä¶",Mon Jun 11 22:23:06 +0000 2018,0.5093,0.171,0.829,0.0
115,CBS,"In case you missed it, watch the entire #TonyAwards now: https://t.co/Bm0yNV3Ff3 https://t.co/3GA5otlcPa",Mon Jun 11 19:01:38 +0000 2018,-0.296,0.0,0.833,0.167
116,CBS,How do you know @SaraBareilles and @joshgroban's music? #TonyAwards https://t.co/POMXBORfUT,Mon Jun 11 14:00:37 +0000 2018,0.0,0.0,1.0,0.0
117,CBS,Here are all the performances from the 2018 #TonyAwards: https://t.co/gN4ItpFlRd https://t.co/fSMNBXKC9r,Mon Jun 11 06:19:36 +0000 2018,0.0,0.0,1.0,0.0
118,CBS,See the complete list of winners from the 2018 #TonyAwards: https://t.co/9XK6CGeber https://t.co/HkUIN4Quej,Mon Jun 11 06:04:41 +0000 2018,0.4767,0.22,0.78,0.0
119,CBS,An end to a magical evening. The Band's Visit wins for Best Musical! #TonyAwards https://t.co/ODza97n8YH,Mon Jun 11 03:10:33 +0000 2018,0.8478,0.406,0.594,0.0
120,CBS,Congratulations are in order for @TheKatrinaLenk! She just won for Best Leading Actress in a Musical. #TonyAwards https://t.co/t9bNvpiEmH,Mon Jun 11 03:02:06 +0000 2018,0.92,0.463,0.537,0.0
121,CBS,"RT @CBSThisMorning: Hmm... something seems off here @SaraBareilles @JoshGroban. üòÇ

@WaitressMusical @GreatCometBway #TonyAwards https://t.c‚Ä¶",Mon Jun 11 02:58:30 +0000 2018,0.4404,0.175,0.737,0.088
122,CBS,RT @_stobin13: watching the #TonyAwards after going to 3 broadway shows this weekend makes it even better üòçü§©,Mon Jun 11 02:56:40 +0000 2018,0.4404,0.153,0.847,0.0
123,CBS,Tony Shalhoub wins Best Leading Actor in a Musical. #TonyAwards   #TheBandsVisit https://t.co/KcUDSicKI5,Mon Jun 11 02:56:10 +0000 2018,0.836,0.467,0.533,0.0
124,CBS,The Boss looks right at home on the #TonyAwards stage! https://t.co/pwjv4iydkn,Mon Jun 11 02:53:00 +0000 2018,0.0,0.0,1.0,0.0
125,CBS,RT @Aatamianphoto: Springsteen is on the #TonyAwards and I love it.,Mon Jun 11 02:47:29 +0000 2018,0.6369,0.318,0.682,0.0
126,CBS,Inspiration: Get to your YES! #OnceOnThisIsland #TonyAwards https://t.co/Wjp0QIWfXq,Mon Jun 11 02:44:50 +0000 2018,0.7978,0.543,0.457,0.0
127,CBS,The feeling when you win a Tony. üôå¬†Congratulations to Once on This Island for winning Best Revival of a Musical!‚Ä¶ https://t.co/UpFCqgBTwh,Mon Jun 11 02:44:37 +0000 2018,0.9523,0.516,0.484,0.0
128,CBS,What a beautiful performance by the cast of #TheBandsVisit. #TonyAwards https://t.co/4Hw96kZvrf,Mon Jun 11 02:33:09 +0000 2018,0.5994,0.302,0.698,0.0
129,CBS,"""I'm a living example of how theatre can change you - and it didn't just change me, it saved me."" @JohnLeguizamo at‚Ä¶ https://t.co/4ICwMhb6hv",Mon Jun 11 02:29:18 +0000 2018,0.4215,0.123,0.877,0.0
130,CBS,Angels in America takes the win for Best Revival of a Play! #TonyAwards https://t.co/zodW61tw8a,Mon Jun 11 02:23:56 +0000 2018,0.8932,0.517,0.483,0.0
131,CBS,"RT @leahableson: The Once On This Island Goat And Chicken made it to the broadcast, Mama WILL provide #TonyAwards",Mon Jun 11 02:21:03 +0000 2018,0.0,0.0,1.0,0.0
132,CBS,That performance was the GOAT. #TonyAwards https://t.co/mtoU92HipQ,Mon Jun 11 02:16:06 +0000 2018,0.0,0.0,1.0,0.0
133,CBS,Harry Potter and the Cursed Child wins Best Play at the #TonyAwards! @HPPlayNYC https://t.co/WIqJQmtAlN,Mon Jun 11 02:11:03 +0000 2018,0.8908,0.491,0.509,0.0
134,CBS,üé∂ ‚ÄúLet's dance this last dance tonight.‚Äù üé∂ #TonyAwards #DonnaSummerMusical https://t.co/UAIaglChfv,Mon Jun 11 02:05:47 +0000 2018,0.0,0.0,1.0,0.0
135,CBS,Hope he brought enough birthday cake for everyone! #TonyAwards https://t.co/FlLbKV6oj8,Mon Jun 11 02:03:31 +0000 2018,0.4926,0.262,0.738,0.0
136,CBS,@writerlindsayb You're welcome! #TonyAwards,Mon Jun 11 01:58:48 +0000 2018,0.5093,0.523,0.477,0.0
137,CBS,RT @hjmayer8: I sure do love @DearEvanHansen üíô #TonyAwards,Mon Jun 11 01:53:17 +0000 2018,0.7579,0.481,0.519,0.0
138,CBS,"RT @Valerie4815: What a birthday present, the Tony audience singing happy birthday to you!! #TonyAwards",Mon Jun 11 01:51:16 +0000 2018,0.6467,0.248,0.752,0.0
139,CBS,If only this performance could go on forever. #TonyAwards @FrozenBroadway https://t.co/p2BMUvyTxr,Mon Jun 11 01:38:23 +0000 2018,0.0,0.0,1.0,0.0
140,CBS,RT @anna_villanueva: Magnificent performance from the cast of @FrozenBroadway! #TonyAwards2018 #TonyAwards #Tonys,Mon Jun 11 01:37:36 +0000 2018,0.636,0.276,0.724,0.0
141,CBS,Glenda Jackson wins Best Leading Actress in a Play. #TonyAwards @threetallwomen https://t.co/GRp1gcBuiW,Mon Jun 11 01:30:56 +0000 2018,0.8834,0.563,0.437,0.0
142,CBS,.@SaraBareilles is totally a Gryffindor. #TonyAwards https://t.co/OPQ7esk2dn,Mon Jun 11 01:29:21 +0000 2018,0.0,0.0,1.0,0.0
143,CBS,RT @IzzyNY202: How impressive are these Marjory Stoneman Douglas students? That #TonyAwards performance reduced me to tears. Amazing.,Mon Jun 11 01:26:03 +0000 2018,0.7351,0.296,0.625,0.079
144,CBS,RT @KatLargent: MAGIC #TonyAwards,Mon Jun 11 01:25:59 +0000 2018,0.0,0.0,1.0,0.0
145,CBS,Such a touching moment at the #TonyAwards. ‚ù§Ô∏è https://t.co/4kJWTHVPZ8,Mon Jun 11 01:24:46 +0000 2018,0.0,0.0,1.0,0.0
146,CBS,.@Matt_Morrison welcomes the Marjory Stoneman Douglas High School theatre department to the stage. #TonyAwards https://t.co/5dxa9smeka,Mon Jun 11 01:24:12 +0000 2018,0.4019,0.162,0.838,0.0
147,CBS,So many feels at the #TonyAwards. Congratulations to @arielstachel for winning Best Featured Actor in a Musical!‚Ä¶ https://t.co/m1aRNIHPRK,Mon Jun 11 01:19:59 +0000 2018,0.9151,0.457,0.543,0.0
148,CBS,RT @McBenefit: I love everything about you @UzoAduba. #TonyAwards,Mon Jun 11 01:12:31 +0000 2018,0.6369,0.375,0.625,0.0
149,CBS,RT if that musical number by the cast of Carousel blew you away! #TonyAwards https://t.co/CMzMNtcAQO,Mon Jun 11 01:08:28 +0000 2018,0.1511,0.102,0.898,0.0
150,CBS,Nathan Lane saw his #AngelsinAmerica role as a challenge. How will you challenge yourself in 2018? #TonyAwards https://t.co/3WXd6AqgBi,Mon Jun 11 01:08:24 +0000 2018,0.1531,0.148,0.852,0.0
151,CBS,Nathan Lane wins Best Featured Actor in a Play. #TonyAwards @angelsbway https://t.co/xc8M7JtLDE,Mon Jun 11 01:02:47 +0000 2018,0.8834,0.563,0.437,0.0
152,CBS,üåü¬†@joshgroban and @SaraBareilles are Host Goals. üåü #TonyAwards https://t.co/OGQec8cXJ6,Mon Jun 11 00:58:06 +0000 2018,0.0,0.0,1.0,0.0
153,CBS,RT @adub369: This is unbelievable! @SaraBareilles and @joshgroban #TonyAwards,Mon Jun 11 00:52:34 +0000 2018,0.2714,0.207,0.793,0.0
154,CBS,Who lives in a pineapple and just performed at The Tonys? üççüé∂ The cast of SpongeBob SquarePants: The Musical!‚Ä¶ https://t.co/mvFxdh9UJi,Mon Jun 11 00:51:11 +0000 2018,0.0,0.0,1.0,0.0
155,CBS,‚ú® @LindsayMendez wins Best Featured Actress in a Musical! #TonyAwards @carouselbway https://t.co/MtgFowscN5,Mon Jun 11 00:50:18 +0000 2018,0.8883,0.567,0.433,0.0
156,CBS,A big congratulations to @springsteen for his Special Tony award! ‚ú®¬†#TonyAwards https://t.co/i16u8uv9aT,Mon Jun 11 00:45:14 +0000 2018,0.9134,0.613,0.387,0.0
157,CBS,Can the 73rd annual #TonyAwards just be three-hours of @TitussBurgess? https://t.co/3rCZwwTUtv,Mon Jun 11 00:44:36 +0000 2018,0.0,0.0,1.0,0.0
158,CBS,"RT @CBSThisMorning: ""We know there are a lot of you out there who have photos of yourself in school plays or community theater."" Post your‚Ä¶",Mon Jun 11 00:35:41 +0000 2018,0.25,0.08,0.92,0.0
159,CBS,Keep your acceptance speeches short or else the #TonyAwards will get the angels involved. #AngelsInAmerica üëº https://t.co/oznhezRzDc,Mon Jun 11 00:34:45 +0000 2018,0.4588,0.15,0.85,0.0
160,CBS,"If you haven't started singing, you will be the rest of the night. #TonyAwards #MyFairLady https://t.co/jbGXwnru8N",Mon Jun 11 00:31:28 +0000 2018,0.0,0.0,1.0,0.0
161,CBS,RT @marialena_rago: I like this opener for @MyFairLadyBway #TonyAwards,Mon Jun 11 00:27:42 +0000 2018,0.3612,0.263,0.737,0.0
162,CBS,Laurie Metcalf wins Best Featured Actress in a Play! #TonyAwards @threetallwomen https://t.co/y4teyJaRPs,Mon Jun 11 00:27:00 +0000 2018,0.8908,0.57,0.43,0.0
163,CBS,Tina Fey has a boat?? #MeanGirls #TonyAwards https://t.co/phYxmHMd3d,Mon Jun 11 00:24:31 +0000 2018,0.0,0.0,1.0,0.0
164,CBS,Representing the hardest-working men and women in Broadway‚Ä¶¬†ensemble members from every nominated musical tonight!‚Ä¶ https://t.co/imlEEnOUla,Mon Jun 11 00:22:15 +0000 2018,0.0,0.0,1.0,0.0
165,CBS,RT @misschae: I love theatre so much. #TonyAwards,Mon Jun 11 00:22:15 +0000 2018,0.6369,0.412,0.588,0.0
166,CBS,On Wednesdays they wear pink and on Sundays they perform at the #TonyAwards. üíï Who thought that performance by the‚Ä¶ https://t.co/w7QDkaX6kF,Mon Jun 11 00:18:16 +0000 2018,0.0,0.0,1.0,0.0
167,CBS,"RT @MichaelJMoritz: ""We are all made perfectly and we all belong‚Äù - Andrew Garfield #TonyAwards",Mon Jun 11 00:13:27 +0000 2018,0.6369,0.244,0.756,0.0
168,CBS,Andrew Garfield wins Best Leading Actor in a Play. #TonyAwards @angelsbway https://t.co/s2VQnw6IPP,Mon Jun 11 00:12:31 +0000 2018,0.8834,0.563,0.437,0.0
169,CBS,"RT @nightingalen: Love this opening song! @joshgroban
@SaraBarreilles 
#TonyAwards",Mon Jun 11 00:06:39 +0000 2018,0.6696,0.36,0.64,0.0
170,CBS,‚ú® @joshgroban and @SaraBareilles take the stage to begin an unforgettable evening. #TonyAwards https://t.co/y9uzlK2DzO,Mon Jun 11 00:04:15 +0000 2018,0.3182,0.15,0.85,0.0
171,CBS,Grab your popcorn... it's time for the #TonyAwards! Go and stream the entire show now: https://t.co/Wo1algQHix https://t.co/JGYTk4NPDN,Sun Jun 10 23:59:00 +0000 2018,0.0,0.0,1.0,0.0
172,CBS,‚ú® @thegoodfight's Christine Baranski has arrived on the #TonyAwards red carpet! Watch LIVE at 8/7c on CBS! https://t.co/XnXAnPtRrc,Sun Jun 10 23:18:15 +0000 2018,0.4374,0.145,0.855,0.0
173,CBS,"The hosts have arrived! We're LIVE with @SaraBareilles, @joshgroban and more on the #TonyAwards red carpet hosted b‚Ä¶ https://t.co/NtarbgywLe",Sun Jun 10 22:01:25 +0000 2018,0.0,0.0,1.0,0.0
174,CBS,Tonight's the night! Join @etnow's @DDirecto on the #TonyAwards' red carpet starting at 5PM ET! https://t.co/hZLOSiIRAT,Sun Jun 10 15:00:01 +0000 2018,0.4184,0.157,0.843,0.0
175,CBS,These two know a thing or two about awards! Watch them light up the stage tomorrow at the #TonyAwards. ‚ú® https://t.co/KHVZp65oLS,Sat Jun 09 21:00:02 +0000 2018,0.68,0.237,0.763,0.0
176,CBS,Here's everything you need to know before watching the #TonyAwards this Sunday at 8/7c: https://t.co/jcRgNGmLUZ https://t.co/8suUhVPFK6,Sat Jun 09 16:00:00 +0000 2018,0.0,0.0,1.0,0.0
177,CBS,Join @etnow's @DDirecto this Sunday on the #TonyAwards' red carpet. https://t.co/7jS8g10KmY,Fri Jun 08 19:46:17 +0000 2018,0.296,0.18,0.82,0.0
178,CBS,Here's @laChanze with a reminder that you can stream the #TonyAwards this Sunday on CBS All Access! https://t.co/8TDEXzKmyQ,Fri Jun 08 15:00:03 +0000 2018,0.0,0.0,1.0,0.0
179,CBS,"We all get by with a little help from our friends, so what better way to celebrate #NationalBestFriendsDay than to‚Ä¶ https://t.co/pIZezbBwaT",Fri Jun 08 13:58:15 +0000 2018,0.9078,0.436,0.564,0.0
180,CBS,"Get ready for show-stopping performances by the casts of the 2018 Tony-nominated shows Mean Girls, SpongeBob Square‚Ä¶ https://t.co/NiSx9Bbw0F",Thu Jun 07 17:03:26 +0000 2018,0.3612,0.128,0.872,0.0
181,CBS,Don‚Äôt miss a special performance from @springsteen this Sunday at the #TonyAwards: https://t.co/LYYdleaFwU https://t.co/IKkKoITH9y,Wed Jun 06 21:00:24 +0000 2018,0.2732,0.176,0.719,0.105
182,CBS,"RT @CBSThisMorning: .@SaraBareilles and @joshgroban are hosting this Sunday's @TheTonyAwards on @CBS! 

Wednesday, they'll join us LIVE on‚Ä¶",Wed Jun 06 00:08:30 +0000 2018,0.3595,0.128,0.872,0.0
183,CBS,"RT @SU2C: SU2C telecast Co-Executive Producer Bradley Cooper sits down with Mitch Carbon, a pediatric cancer survivor who benefited from #S‚Ä¶",Tue Jun 05 22:23:35 +0000 2018,-0.4404,0.1,0.723,0.177
184,CBS,RT @StrangeAngel: About last night... The #StrangeAngel screening party was a blast! Pun intended. üöÄüòè https://t.co/m64EcNmweY,Tue Jun 05 22:12:28 +0000 2018,0.4574,0.176,0.824,0.0
185,CBS,These CBS stars can really belt it out! Find out which celebs from your favorite shows are pitch-perfect:‚Ä¶ https://t.co/X4zMACFazB,Tue Jun 05 19:00:02 +0000 2018,0.5093,0.155,0.845,0.0
186,CBS,"More stars are set to appear at the #TonyAwards, including @billyjoel, @amyschumer, and @katharinemcphee. See who e‚Ä¶ https://t.co/lPUocBcn9t",Tue Jun 05 15:04:41 +0000 2018,0.0,0.0,1.0,0.0
187,CBS,"The #TonyAwards are just days away, and @joshgroban and @SaraBareilles will bring all they've got to Broadway's Big‚Ä¶ https://t.co/eKkWn6ClSq",Mon Jun 04 17:00:00 +0000 2018,0.0,0.0,1.0,0.0
188,CBS,"Call us old-fashioned, but we donut want you missing out on #NationalDonutDay! Here are a few treats from us to you‚Ä¶ https://t.co/HpzN8bQ3SO",Fri Jun 01 17:39:17 +0000 2018,-0.3903,0.062,0.807,0.131
189,CBS,Remember @Lin_Manuel‚Äôs beautiful sonnet from the 70th Annual Tony Awards¬Æ? Relive some of the greatest moments in‚Ä¶ https://t.co/IZjeQLd58C,Fri Jun 01 17:00:03 +0000 2018,0.8442,0.336,0.664,0.0
190,CBS,"Good friends @joshgroban and @SaraBareilles are hosting the #TonyAwards together? Well, this is bound to be fun! https://t.co/26Vgzp0s2e",Thu May 31 23:50:00 +0000 2018,0.8932,0.455,0.545,0.0
191,CBS,"The #TonyAwards just got even better because @UzoAduba, @MattBomer, and more stars will be presenting live! Find ou‚Ä¶ https://t.co/hfFBtWo1T9",Wed May 30 15:07:34 +0000 2018,0.4926,0.151,0.849,0.0
192,CBS,"Mark your calendars. @SalvationCBS returns Monday, June 25 at 9/8c! ‚òÑÔ∏è https://t.co/N9pYuhYLRF",Mon May 28 21:00:01 +0000 2018,0.0,0.0,1.0,0.0
193,CBS,RT @thegoodfight: All episodes of season 2 are now available. Stream #TheGoodFight on CBS All Access: https://t.co/k3tn8kR9KC https://t.co/‚Ä¶,Mon May 28 02:08:19 +0000 2018,0.0,0.0,1.0,0.0
194,CBS,Get the popcorn ready! üçø  It's going to be an unforgettable @survivorcbs finale. Make sure to tune in TONIGHT at 8/‚Ä¶ https://t.co/vp0JyqfXMQ,Wed May 23 23:07:38 +0000 2018,0.6239,0.203,0.797,0.0
195,CBS,"RT @StrangeAngel: Every brilliant mind has a dark side. #StrangeAngel launches June 14, only on CBS All Access. https://t.co/y0MZg1BzEB htt‚Ä¶",Wed May 23 19:02:43 +0000 2018,0.5859,0.174,0.826,0.0
196,CBS,Prepare yourself. The @NCIS_CBS season finale is unlike any other. Don't miss it TONIGHT at 8/7c. https://t.co/MOH6uiFc0C,Tue May 22 23:19:40 +0000 2018,0.1139,0.083,0.917,0.0
197,CBS,"Summer heats up with @CBSBigBrother, @SalvationCBS, and the brand-new competition series @TKOCBS. Find out when you‚Ä¶ https://t.co/DxE7OnKs17",Tue May 22 20:02:22 +0000 2018,0.0,0.0,1.0,0.0
198,CBS,Who‚Äôs going to be watching the season finale of @ManWithAPlan tonight? RT if you'll be tuning in at 8:30/7:30c! https://t.co/ARLRtVuGuc,Mon May 21 23:00:01 +0000 2018,0.0,0.0,1.0,0.0
199,CBS,The season finale of @MadamSecretary will leave you speechless! Make sure to tune in tonight at 10/9c. https://t.co/hqxkLZsWpl,Sun May 20 20:00:00 +0000 2018,0.3382,0.131,0.808,0.061
200,CNN,A Neolithic trackway dating to 2300 BC was uncovered in a nondescript field on the east coast of England‚Ä¶ https://t.co/rU2GTSEGSk,Thu Jun 28 17:35:44 +0000 2018,0.0,0.0,1.0,0.0
201,CNN,"In an emotional moment, a protester in Milwaukee explains why she's demonstrating against Trump‚Äôs immigration polic‚Ä¶ https://t.co/xvxHNiTNNO",Thu Jun 28 17:24:51 +0000 2018,0.1531,0.096,0.904,0.0
202,CNN,Oil prices have spiked 13% in a week. What's going on?https://t.co/b8ZRgjpzjY https://t.co/2khxhdZ9WP,Thu Jun 28 17:09:09 +0000 2018,0.0,0.0,1.0,0.0
203,CNN,"Spider-Man, Captain America, and other superheroes dropped by a children's hospital in Iowa to give the kids a thri‚Ä¶ https://t.co/QODJfT941e",Thu Jun 28 17:00:00 +0000 2018,0.0,0.0,1.0,0.0
204,CNN,It could take three years for new Chipotle menu items like quesadillas and milkshakes to roll out nationally‚Ä¶ https://t.co/kW6yjU7fP3,Thu Jun 28 16:54:26 +0000 2018,0.3612,0.122,0.878,0.0
205,CNN,"Inspired by first lady Melania Trump's ""I really don't care"" jacket, protesters in Washington are firing back to sa‚Ä¶ https://t.co/Ueadj4xXqY",Thu Jun 28 16:40:22 +0000 2018,-0.113,0.186,0.611,0.203
206,CNN,"Former Fox News president Bill Shine has accepted a senior position in the Trump administration, a source with know‚Ä¶ https://t.co/ekabuZuCbB",Thu Jun 28 16:26:51 +0000 2018,0.2732,0.11,0.89,0.0
207,CNN,A new formulation of a drug that prevents excessive bleeding after childbirth could save thousands of women's lives‚Ä¶ https://t.co/Wdqfw5UdsE,Thu Jun 28 16:13:50 +0000 2018,0.5423,0.231,0.769,0.0
208,CNN,This Idaho man quit his high-paying job to build beds for kids who sleep on the floor https://t.co/WROTyPrm2j https://t.co/rhJCBtI0Km,Thu Jun 28 16:00:56 +0000 2018,0.0,0.0,1.0,0.0
209,CNN,Listen to a phone call between a distraught 7-year-old immigrant child and his mother in a recording that was obtai‚Ä¶ https://t.co/HlVsilzCG7,Thu Jun 28 15:48:20 +0000 2018,-0.5574,0.0,0.825,0.175
210,CNN,Trump's 54 most outrageously over-the-top lines from his North Dakota speech | Analysis by Chris Cillizza‚Ä¶ https://t.co/6BhgEGS4zP,Thu Jun 28 15:36:18 +0000 2018,-0.3597,0.0,0.857,0.143
211,CNN,Mexico goes to the polls this weekend. This story has been updated to say that the 132 people killed in attacks ahe‚Ä¶ https://t.co/UbFN1uGdgX,Thu Jun 28 15:29:47 +0000 2018,-0.8126,0.0,0.739,0.261
212,CNN,"San Francisco families earning $117,400 a year are now considered ""low income"" https://t.co/WIR55fRm7I https://t.co/EqtgzUfb8K",Thu Jun 28 15:24:40 +0000 2018,-0.2732,0.0,0.851,0.149
213,CNN,"A top aide to Virginia GOP Senate nominee Corey Stewart has shared a number of conspiracy theories on social media,‚Ä¶ https://t.co/Zsj8hXiEE7",Thu Jun 28 15:13:13 +0000 2018,0.0258,0.23,0.628,0.142
214,CNN,Women's March organizers are holding a protest against the family separation policy in Washington‚Ä¶ https://t.co/ceJUzWGNGR,Thu Jun 28 14:59:48 +0000 2018,-0.25,0.0,0.867,0.133
215,CNN,UK lawmakers delivered a stark assessment of the conduct of British spies and their US allies in the decade after 9‚Ä¶ https://t.co/YwJNqxIse5,Thu Jun 28 14:56:22 +0000 2018,0.0,0.0,1.0,0.0
216,CNN,Separating children from their families is part of America's legacy | By David A. Love via @CNNOpinion,Thu Jun 28 14:44:47 +0000 2018,0.6369,0.219,0.781,0.0
217,CNN,New York congressional candidate Alexandria Ocasio-Cortez responds to Sen. Mitch McConnell‚Äôs comment that her prima‚Ä¶ https://t.co/1wQqoUAPut,Thu Jun 28 14:40:00 +0000 2018,0.0,0.0,1.0,0.0
218,CNN,This is how the Trump travel ban is affecting families across the globe https://t.co/G2AZj1DUnq https://t.co/xZOu0S1BNK,Thu Jun 28 14:34:01 +0000 2018,-0.5574,0.0,0.795,0.205
219,CNN,"Toyota says the Camry will cost $1,800 more to make if the Trump administration goes through with an auto tariff‚Ä¶ https://t.co/AueDQ4DtHB",Thu Jun 28 14:21:40 +0000 2018,0.0,0.0,1.0,0.0
220,CNN,"When a customer began choking on his food, a quick-thinking employee at a Chick-fil-A in Austin, Texas, jumped into‚Ä¶ https://t.co/OThoJjFJIL",Thu Jun 28 14:20:00 +0000 2018,-0.4588,0.0,0.842,0.158
221,CNN,Flyers were placed on vehicles outside a sheriff's office. One tested positive for traces of a deadly opioid. https://t.co/OTJtt4zw8Q,Thu Jun 28 14:10:55 +0000 2018,0.5574,0.184,0.816,0.0
222,CNN,Federal law enforcement officers have begun removing protesters encamped outside a US Immigration and Customs Enfor‚Ä¶ https://t.co/6dXmQCnTDK,Thu Jun 28 14:00:21 +0000 2018,-0.2263,0.0,0.888,0.112
223,CNN,"The Supreme Court's union decision is a real opportunity for education reform, writes @JebBush for @CNNOpinion‚Ä¶ https://t.co/e5Nzv9RSlW",Thu Jun 28 13:46:17 +0000 2018,0.7506,0.314,0.686,0.0
224,CNN,How Chipotle plans to win you back https://t.co/mn5yBzAzf2 https://t.co/oveXGfRqvP,Thu Jun 28 13:36:00 +0000 2018,0.5859,0.322,0.678,0.0
225,CNN,Foxconn breaking ground on Wisconsin plant it received $4 billion to build https://t.co/wWI68wSBNy,Thu Jun 28 13:19:49 +0000 2018,0.0,0.0,1.0,0.0
226,CNN,Amazon is buying online pharmacy PillPack -- a move that could disrupt the drug store business https://t.co/zGSm8UMnsT,Thu Jun 28 13:07:23 +0000 2018,0.1779,0.102,0.898,0.0
227,CNN,"RT @NewDay: ""Russia did meddle in our election, Russia meddles in elections all over the world,"" says Republican Rep. Matt Gaetz: ""Vladimir‚Ä¶",Thu Jun 28 12:42:56 +0000 2018,0.0,0.0,1.0,0.0
228,CNN,Trump's legacy just got exponentially more consequential | Analysis by Stephen Collinson https://t.co/5wZQnBrLoh https://t.co/p1Ufiw7WdC,Thu Jun 28 12:40:22 +0000 2018,0.0,0.0,1.0,0.0
229,CNN,"RT @NewDay: Sen. Richard Blumenthal on SCOTUS: ""The American people really deserve a voice in this decision... I've never seen a time when‚Ä¶",Thu Jun 28 12:30:19 +0000 2018,0.0,0.0,1.0,0.0
230,CNN,"JUST IN: US President Trump and Russian President Putin will meet on July 16 in Helsinki, Finland, 4 days after NAT‚Ä¶ https://t.co/drY5wXCQfB",Thu Jun 28 12:17:19 +0000 2018,0.0,0.0,1.0,0.0
231,CNN,Kentucky's sweeping Medicaid work requirement experiment is about to begin https://t.co/PKITF5sQn8,Thu Jun 28 12:14:29 +0000 2018,0.0,0.0,1.0,0.0
232,CNN,"""Korea, brother, you're now Mexican."" Hundreds of jubilant Mexican soccer fans rushed to the South Korean embassy i‚Ä¶ https://t.co/IoaPduav1l",Thu Jun 28 12:11:00 +0000 2018,0.6124,0.182,0.818,0.0
233,CNN,"RT @NewDay: New York congressional candidate Alexandria Ocasio-Cortez says Democrats ""should be unafraid to play hardball"" over the new Sup‚Ä¶",Thu Jun 28 12:05:29 +0000 2018,0.34,0.112,0.888,0.0
234,CNN,"""Korea, brother, you're now Mexican."" Hundreds of jubilant Mexican soccer fans rushed to the South Korean embassy i‚Ä¶ https://t.co/QiMIop9rCv",Thu Jun 28 11:57:14 +0000 2018,0.6124,0.182,0.818,0.0
235,CNN,Yet another sign that San Francisco's housing market is out of control https://t.co/i0FBnDeejx https://t.co/SY3RpZhA1s,Thu Jun 28 11:46:37 +0000 2018,0.0,0.0,1.0,0.0
236,CNN,How Chipotle plans to win you back https://t.co/kzrAQpQtye https://t.co/R01yueyNjh,Thu Jun 28 11:35:40 +0000 2018,0.5859,0.322,0.678,0.0
237,CNN,"Top Huawei exec blasts Senator Marco Rubio and another US lawmaker as ""closed-minded and ill-informed""‚Ä¶ https://t.co/6TJMURgbLv",Thu Jun 28 11:24:59 +0000 2018,0.2023,0.107,0.893,0.0
238,CNN,"Democrats are in danger of going too far left for 2018, writes Joe Cunningham for @CNNOpinion‚Ä¶ https://t.co/8CW4Z4QnRn",Thu Jun 28 11:14:44 +0000 2018,-0.5267,0.0,0.825,0.175
239,CNN,Bernie Sanders is hosting a town hall for workers. Their CEOs are invited. https://t.co/hn2D31Mvpg https://t.co/RL9iPbh9ur,Thu Jun 28 11:04:31 +0000 2018,0.0,0.0,1.0,0.0
240,CNN,Britain's Queen Elizabeth II will miss a service on Thursday at London's St. Paul's Cathedral because she is feelin‚Ä¶ https://t.co/3zy75SSNAV,Thu Jun 28 10:46:07 +0000 2018,-0.1531,0.0,0.918,0.082
241,CNN,Another church in Spain has fallen victim to a well-intentioned restorer https://t.co/mMYCivfD7f VIA @CNNStyle https://t.co/ArcV9HzMWb,Thu Jun 28 10:40:00 +0000 2018,-0.5574,0.0,0.723,0.277
242,CNN,700 empty Toys 'R' Us stores. Who's going to fill them? https://t.co/YAgdobVlaz https://t.co/Upu0sIrC0e,Thu Jun 28 10:39:04 +0000 2018,-0.2023,0.0,0.87,0.13
243,CNN,New Banksy-style Paris street art places a spotlight on Europe's migrant crisis https://t.co/htvzzDc8KT via‚Ä¶ https://t.co/jSlI0izQZx,Thu Jun 28 10:29:44 +0000 2018,-0.6249,0.0,0.76,0.24
244,CNN,"A Texas man known as the ""ice pick killer"" had asked to be executed using gas or a firing squad, but was put to dea‚Ä¶ https://t.co/DEBG69XB4p",Thu Jun 28 10:05:05 +0000 2018,-0.5187,0.0,0.835,0.165
245,CNN,"Just 23% of US adults get enough exercise, new data says https://t.co/DVUlNSjV90 https://t.co/DGbrE8BSbY",Thu Jun 28 09:50:26 +0000 2018,0.0,0.0,1.0,0.0
246,CNN,Democrats: Don't jump to conclusions about Rep. Joe Crowley's defeat https://t.co/Z2WbQKpJrw (via @CNNOpinion) https://t.co/kq15oC4hze,Thu Jun 28 09:25:26 +0000 2018,-0.4588,0.0,0.812,0.188
247,CNN,"President Trump calls Rep. Joe Crowley a ""slovenly man"" who ""got his ass kicked"" https://t.co/fcdn6gFVZ7 https://t.co/Cs828OXiKS",Thu Jun 28 09:00:45 +0000 2018,-0.5423,0.0,0.8,0.2
248,CNN,"Dive operations at a cave in northern Thailand, where 12 young soccer players and their coach are missing, have bee‚Ä¶ https://t.co/FxSYSRdBLI",Thu Jun 28 08:36:06 +0000 2018,-0.296,0.0,0.896,0.104
249,CNN,How Pyongyang's buildings reveal a nuanced visual history of the city https://t.co/k0zeBjclJo vai @CNNStyle https://t.co/EUrKFkSSmi,Thu Jun 28 08:24:06 +0000 2018,0.0,0.0,1.0,0.0
250,CNN,"A 77-year-old retirement home resident who shot firefighters was trying to kill his neighbor, prosecutors say‚Ä¶ https://t.co/53R72JRztL",Thu Jun 28 08:11:56 +0000 2018,-0.6908,0.0,0.761,0.239
251,CNN,"Not only did the German team crash out of the #WorldCup on Wednesday, but Angela Merkel is also facing a make-or-br‚Ä¶ https://t.co/sxDt6YuFMn",Thu Jun 28 07:47:06 +0000 2018,-0.2144,0.0,0.915,0.085
252,CNN,Authorities identified a 22-year-old man as a person of interest in the killing of rapper XXXTentacion earlier this‚Ä¶ https://t.co/yuV5nlLkpZ,Thu Jun 28 07:46:33 +0000 2018,-0.34,0.134,0.67,0.196
253,CNN,A search is underway in Australia for man wanted for questioning after the discovery of a decomposing body found st‚Ä¶ https://t.co/XrlAXaq2Jz,Thu Jun 28 07:40:05 +0000 2018,-0.1027,0.0,0.928,0.072
254,CNN,"""Korea, brother, you're now Mexican."" Hundreds of jubilant Mexican soccer fans rushed to the South Korean embassy i‚Ä¶ https://t.co/lxIWcwSWXx",Thu Jun 28 07:19:03 +0000 2018,0.6124,0.182,0.818,0.0
255,CNN,Why I'm burying a beer can in the backyard https://t.co/X95VMvjznz (via @CNNOpinion) https://t.co/Iw1vUxA86U,Thu Jun 28 07:12:25 +0000 2018,0.0,0.0,1.0,0.0
256,CNN,Watchdog to investigate child migrant housing facilities https://t.co/IofTc4Ylkl https://t.co/uOSTnVN6nW,Thu Jun 28 06:30:11 +0000 2018,0.0,0.0,1.0,0.0
257,CNN,"Do you know how much ""space grease"" is in the Milky Way? 

10 billion trillion trillion tonnes, scientists estimate‚Ä¶ https://t.co/djvfeLeqXR",Thu Jun 28 06:20:48 +0000 2018,0.0,0.0,1.0,0.0
258,CNN,5 Kennedy-authored Supreme Court rulings that changed America https://t.co/xPp7VnTQyF https://t.co/7kBsnG7ATQ,Thu Jun 28 06:00:03 +0000 2018,0.5574,0.31,0.69,0.0
259,CNN,How Chipotle plans to win you back https://t.co/QEEO92wNdW https://t.co/TcMT0qXbWq,Thu Jun 28 05:30:14 +0000 2018,0.5859,0.322,0.678,0.0
260,CNN,"What Anthony Kennedy's retirement means for abortion, same-sex marriage, affirmative action and the future of the S‚Ä¶ https://t.co/lh30W0I4Ak",Thu Jun 28 05:15:04 +0000 2018,0.0,0.0,1.0,0.0
261,CNN,"Here's what you need to know about the largest election in Mexico's history, with more than 3,000 posts at stake‚Ä¶ https://t.co/V0UVDyKI2Q",Thu Jun 28 05:00:12 +0000 2018,0.0,0.0,1.0,0.0
262,CNN,"Trump-Mattis dynamic raises questions about rift, anxiety at the Pentagon https://t.co/P1KCxeaqeP https://t.co/9545msacDm",Thu Jun 28 04:45:11 +0000 2018,0.2263,0.182,0.699,0.119
263,CNN,Democrats take big step towards a smaller role for superdelegates https://t.co/yYIcvKyg4e https://t.co/NDL2YKJoxi,Thu Jun 28 04:30:09 +0000 2018,0.0,0.0,1.0,0.0
264,CNN,Nancy Pelosi would set a different kind of record if she could become speaker again https://t.co/4JsICLPmaU https://t.co/kiD2hvnTiJ,Thu Jun 28 04:15:08 +0000 2018,0.0,0.0,1.0,0.0
265,CNN,"The Department of Homeland Security asks Pentagon to help house 12,000 migrants https://t.co/I4YP5UvyGi https://t.co/qMv6OGyMwi",Thu Jun 28 04:00:06 +0000 2018,0.6249,0.298,0.702,0.0
266,CNN,Yet another sign that San Francisco's housing market is out of control https://t.co/NAQvDDNmCK https://t.co/n6FgPyfbfa,Thu Jun 28 03:45:08 +0000 2018,0.0,0.0,1.0,0.0
267,CNN,Britain's royal family made even more money in 2017 https://t.co/Sv5RHDe7Ud https://t.co/4jbRSTz7rL,Thu Jun 28 03:30:15 +0000 2018,0.0,0.0,1.0,0.0
268,CNN,A guide to Rajasthan's color-coded royal cities https://t.co/8tQ6FYfQrn https://t.co/ngUojMOxFS,Thu Jun 28 03:15:08 +0000 2018,0.0,0.0,1.0,0.0
269,CNN,Trump and Putin are meeting. What could possibly go wrong?https://t.co/3CKhQUQcrT (via @CNNOpinion) https://t.co/5OObU5dVfc,Thu Jun 28 03:00:19 +0000 2018,0.0,0.0,1.0,0.0
270,CNN,This is how the travel ban is impacting families near and far https://t.co/kFp8LlZZqC https://t.co/AzjoIKKFtq,Thu Jun 28 02:45:05 +0000 2018,-0.5574,0.0,0.783,0.217
271,CNN,"Democrats are in danger of going too far left for 2018, writes Joe Cunningham for @CNNOpinion‚Ä¶ https://t.co/5t5TFUhaq7",Thu Jun 28 02:30:07 +0000 2018,-0.5267,0.0,0.825,0.175
272,CNN,RT @CuomoPrimeTime: DNC Chair @TomPerez: Dems can ‚Äúabsolutely‚Äù retake the Senate #CuomoPrimeTime https://t.co/ZO8ELDK9dK https://t.co/qdfxz‚Ä¶,Thu Jun 28 02:21:57 +0000 2018,0.0,0.0,1.0,0.0
273,CNN,"RT @CuomoPrimeTime: ‚ÄúIt‚Äôs not a trophy, its the future of America.‚Äù 

Democrat Sen. @AmyKlobuchar‚Äôs warning on the coming fight in the Sena‚Ä¶",Thu Jun 28 02:19:54 +0000 2018,-0.6124,0.0,0.792,0.208
274,CNN,RT @CuomoPrimeTime: GOP @SenJohnKennedy tells @ChrisCuomo he believes Senate Majority Leader McConnell will manage to rally Republicans to‚Ä¶,Thu Jun 28 02:18:40 +0000 2018,0.0,0.0,1.0,0.0
275,CNN,Democrats: Don't jump to conclusions about Rep. Joe Crowley's defeat https://t.co/i5pQTQtHBT (via @CNNOpinion) https://t.co/vyriQYZHJq,Thu Jun 28 02:15:05 +0000 2018,-0.4588,0.0,0.812,0.188
276,CNN,Supreme Court won't have the last word on worker rights https://t.co/WwDXEZk2t2 (via @CNNOpinion) https://t.co/D172EA0VGr,Thu Jun 28 02:00:21 +0000 2018,0.5574,0.217,0.783,0.0
277,CNN,How a rap lyric inspired a multimillion-dollar online platform https://t.co/8Cuwc2qHuR https://t.co/mvY9eVjFp1,Thu Jun 28 01:45:06 +0000 2018,0.4939,0.286,0.714,0.0
278,CNN,"President Trump calls Rep. Joe Crowley a ""slovenly man"" who ""got his ass kicked"" https://t.co/zDtfWluoaS https://t.co/69YjlWrecr",Thu Jun 28 01:35:05 +0000 2018,-0.5423,0.0,0.8,0.2
279,CNN,"Justice Anthony Kennedy's departure is deeply worrying, writes Richard Lazarus for @CNNOpinion‚Ä¶ https://t.co/AwgeJSjFHU",Thu Jun 28 01:30:09 +0000 2018,0.1796,0.199,0.644,0.158
280,CNN,"President Trump says Justice Kennedy's retirement ""makes the issue of Senate control one of the vital issues of our‚Ä¶ https://t.co/mhMFWjveYE",Thu Jun 28 01:25:03 +0000 2018,0.6808,0.237,0.763,0.0
281,CNN,"President Trump mocks Rep. Joe Crowley, saying he ""got his ass kicked"" https://t.co/csUN8OqC04 https://t.co/uD18bh9Xie",Thu Jun 28 01:20:08 +0000 2018,-0.7579,0.0,0.649,0.351
282,CNN,Former Fox News executive Bill Shine has accepted a senior position in President Trump's administration. His road t‚Ä¶ https://t.co/496lLGmcQb,Thu Jun 28 01:15:10 +0000 2018,0.2732,0.11,0.89,0.0
283,CNN,"President Trump mocks Hillary Clinton at rally, laments on Russia investigation https://t.co/jqbtScmY7M https://t.co/F4CVqW9xQj",Thu Jun 28 01:07:23 +0000 2018,-0.6705,0.0,0.667,0.333
284,CNN,President Trump says he wants to choose a Supreme Court justice who will be there for 40 or 45 years‚Ä¶ https://t.co/vwewpy020x,Thu Jun 28 01:00:08 +0000 2018,0.7906,0.28,0.72,0.0
285,CNN,"President Trump says he's ""more exciting"" and ""a hell of a lot more dangerous"" than the NFL https://t.co/6ScuukTqDb https://t.co/OhZu6WojEd",Thu Jun 28 00:55:08 +0000 2018,-0.6705,0.132,0.566,0.302
286,CNN,President Trump begins North Dakota rally with remarks on crowd sizes https://t.co/Cpk8qcuyUW https://t.co/SoV2zjrgTE,Thu Jun 28 00:50:05 +0000 2018,0.0,0.0,1.0,0.0
287,CNN,"""I think that we do need to elect a generation of new people to Congress on both parties,‚Äù says Ocasio-Cortez, addi‚Ä¶ https://t.co/dkfFH9ywcm",Thu Jun 28 00:45:00 +0000 2018,0.0,0.0,1.0,0.0
288,CNN,"""So many people across the country are inspired by this win and inspired about this race because of what it represe‚Ä¶ https://t.co/VwrdWR4YPD",Thu Jun 28 00:31:07 +0000 2018,0.8807,0.349,0.651,0.0
289,CNN,"Money isn't everything in a political race ‚Äúif you really understand your community,"" Alexandria Ocasio-Cortez says‚Ä¶ https://t.co/aYylUfAQuq",Thu Jun 28 00:23:38 +0000 2018,0.0,0.0,1.0,0.0
290,CNN,Senate Democrats are powerless to stop Trump SCOTUS pick https://t.co/wR3A8bDIJj | Analysis by Chris Cillizza https://t.co/XoMCpBzzJa,Thu Jun 28 00:00:05 +0000 2018,-0.6597,0.0,0.707,0.293
291,CNN,"Ben Jealous, a former NAACP leader endorsed by Bernie Sanders, moved a step closer to becoming Maryland's first bla‚Ä¶ https://t.co/2jUyBLvNIe",Wed Jun 27 23:44:06 +0000 2018,-0.25,0.095,0.762,0.143
292,CNN,"The Netherlands is banning face coverings, including burqas and niqabs, in public spaces such as schools, hospitals‚Ä¶ https://t.co/VkwfiLLjXe",Wed Jun 27 23:37:04 +0000 2018,0.0,0.0,1.0,0.0
293,CNN,Google's eerily human phone bot is ready for the real world https://t.co/Y5dD19nsZR,Wed Jun 27 23:30:11 +0000 2018,0.3612,0.185,0.815,0.0
294,CNN,Beer is being rationed in the UK because of a shortage of carbon dioxide https://t.co/K56oMw0jBP,Wed Jun 27 23:23:05 +0000 2018,-0.25,0.0,0.867,0.133
295,CNN,"Report highlights gender discrimination, lack of female representation in Justice Department https://t.co/BjDzDUUb9d https://t.co/OvyJmlPnJK",Wed Jun 27 23:16:46 +0000 2018,0.2732,0.204,0.659,0.138
296,CNN,"Trump ""has been the one that has caused what we see happening today where people are trying to push back on his pol‚Ä¶ https://t.co/X3vBWK988W",Wed Jun 27 23:07:51 +0000 2018,0.0,0.0,1.0,0.0
297,CNN,"Trump ""has been the one that has caused what we see happening today where people are trying to push back on his pol‚Ä¶ https://t.co/zDfrHdUigV",Wed Jun 27 22:56:00 +0000 2018,0.0,0.0,1.0,0.0
298,CNN,"When one of his customers was choking, this Chick-fil-A employee stepped in to save him https://t.co/zrAZWw7NNB https://t.co/ULfqKipgDB",Wed Jun 27 22:49:41 +0000 2018,0.0516,0.151,0.708,0.142
299,CNN,Boeing's hypersonic passenger plane could get you from New York to London in 2 hours https://t.co/eqgR0d4td7 https://t.co/TQMnwnbR5Y,Wed Jun 27 22:42:28 +0000 2018,0.0,0.0,1.0,0.0
300,FoxNews,".@FLOTUS: I know how dangerous and difficult your daily jobs are, so I really appreciate all you do on the behalf o‚Ä¶ https://t.co/yUqIL33dLK",Thu Jun 28 17:32:18 +0000 2018,-0.3245,0.122,0.67,0.208
301,FoxNews,.@FLOTUS arrives in Arizona to hold roundtable discussion and tour migrant facility. https://t.co/EKuc7OtlWv,Thu Jun 28 17:22:37 +0000 2018,0.0,0.0,1.0,0.0
302,FoxNews,.@FLOTUS holds a roundtable at an Arizona migrant facility.  https://t.co/Pi69FYeP1F,Thu Jun 28 17:19:24 +0000 2018,0.0,0.0,1.0,0.0
303,FoxNews,"John Oates, of Hall &amp; Oates, recalls wild moments on tour and explains why they aren't working on a new album https://t.co/IdcVHxEQVX",Thu Jun 28 17:09:48 +0000 2018,0.0,0.0,1.0,0.0
304,FoxNews,RT @FoxBusiness: Foxconn in Wisconsin: State taxpayers bear cost of big incentives https://t.co/1krGJw1mQy,Thu Jun 28 16:58:13 +0000 2018,0.3182,0.161,0.839,0.0
305,FoxNews,RT @FoxBusiness: Amazon wants to help you start your own delivery business https://t.co/cQ3FUvhMUQ,Thu Jun 28 16:57:42 +0000 2018,0.5267,0.286,0.714,0.0
306,FoxNews,The House Judiciary Committee holds a hearing on ‚ÄúOversight of FBI and DOJ Actions Surrounding the 2016 Election.‚Äù‚Ä¶ https://t.co/7yCQGErv0Q,Thu Jun 28 16:55:17 +0000 2018,0.0,0.0,1.0,0.0
307,FoxNews,"70,000 opioid-related overdose deaths in US unaccounted for since 1999, study says https://t.co/NpTnoucRRs",Thu Jun 28 16:54:21 +0000 2018,0.0,0.0,1.0,0.0
308,FoxNews,Texas police catch 8-foot alligator heading toward Walmart in wild video https://t.co/OMgPcmJmV7,Thu Jun 28 16:43:01 +0000 2018,0.0,0.0,1.0,0.0
309,FoxNews,Gowdy rips Rosenstein on Russia probe: 'Finish it the hell up' https://t.co/GIXYfHWtzm,Thu Jun 28 16:26:25 +0000 2018,-0.6808,0.0,0.705,0.295
310,FoxNews,"OPINION: @marcthiessen: Congrats, Trump voters. You've just been vindicated https://t.co/S1uEVkWVup",Thu Jun 28 16:12:00 +0000 2018,0.7351,0.437,0.563,0.0
311,FoxNews,TONIGHT: @BretBaier and @marthamaccallum moderate the Florida GOP gubernatorial debate at 6:30p ET on Fox News Chan‚Ä¶ https://t.co/44IIRN4HLb,Thu Jun 28 16:01:00 +0000 2018,0.0,0.0,1.0,0.0
312,FoxNews,"Rosenstein vows to clean up @TheJusticeDept after IG report, defends response to Russia probe requests https://t.co/GIXYfHWtzm",Thu Jun 28 15:53:43 +0000 2018,0.4019,0.153,0.847,0.0
313,FoxNews,".@NASCAR driver, @USNavy serviceman helps family escape inferno on highway https://t.co/fzvzQrZBak",Thu Jun 28 15:51:16 +0000 2018,0.5106,0.323,0.677,0.0
314,FoxNews,"McDonald's to start offering muffin tops, just like that one episode of 'Seinfeld' https://t.co/XqTE5dCNLo",Thu Jun 28 15:38:00 +0000 2018,0.7003,0.326,0.674,0.0
315,FoxNews,Deputy AG Rod Rosenstein answers @RepMattGaetz‚Äôs questions https://t.co/iEkrekY54q https://t.co/2BgYPGvzQL,Thu Jun 28 15:32:05 +0000 2018,0.0,0.0,1.0,0.0
316,FoxNews,My Right to Freedom of Association Was Violated: Plaintiff Reacts After SCOTUS Deals Historic Blow to Unions https://t.co/HBVmGbha9i,Thu Jun 28 15:22:27 +0000 2018,0.2023,0.178,0.678,0.144
317,FoxNews,Airline group seeks to limit all 'emotional support' animals to just dogs https://t.co/7HF1Wgq58Q,Thu Jun 28 15:05:44 +0000 2018,0.5106,0.281,0.719,0.0
318,FoxNews,"OPINION: Bill Bennett, Karen Nussle: Supreme Court's Janus decision could change everything for our schools and kids https://t.co/jErRq9WRmw",Thu Jun 28 14:59:37 +0000 2018,0.5574,0.175,0.825,0.0
319,FoxNews,RT @FoxBusiness: JUST IN: Former Equifax manager charged with insider trading https://t.co/zDxRm18nGf,Thu Jun 28 14:57:15 +0000 2018,-0.2023,0.0,0.859,0.141
320,FoxNews,FBI Director Wray: ‚ÄúThe IG report makes clear that we‚Äôve got important work to do‚Ä¶Nothing in this report impugns th‚Ä¶ https://t.co/6KjzlHKg6v,Thu Jun 28 14:56:00 +0000 2018,0.5267,0.188,0.812,0.0
321,FoxNews,FBI Director Wray: ‚ÄúThe FBI is entrusted with a lot of authority and our actions are appropriately therefore subjec‚Ä¶ https://t.co/I8KET4TyGj,Thu Jun 28 14:52:04 +0000 2018,0.2732,0.154,0.846,0.0
322,FoxNews,"Deputy AG Rod Rosenstein: ‚ÄúWe need to correct errors, hold wrongdoers accountable, and deter future violations.‚Äù https://t.co/SCBN4v5m6m",Thu Jun 28 14:43:35 +0000 2018,-0.34,0.0,0.87,0.13
323,FoxNews,The House Judiciary Committee holds a hearing on ‚ÄúOversight of FBI and DOJ Actions Surrounding the 2016 Election.‚Äù‚Ä¶ https://t.co/zJApZaWPQs,Thu Jun 28 14:35:07 +0000 2018,0.0,0.0,1.0,0.0
324,FoxNews,Watch LIVE: @NancyPelosi holds her weekly news conference. https://t.co/ltbCb8IN9B,Thu Jun 28 14:35:03 +0000 2018,0.0,0.0,1.0,0.0
325,FoxNews,.@RepGoodlatte: ‚ÄúThis hearing emphasizes the importance of transparency in helping to regain both the perception an‚Ä¶ https://t.co/svgxt5c1RT,Thu Jun 28 14:34:00 +0000 2018,0.5719,0.239,0.761,0.0
326,FoxNews,".@RepGoodlatte: ‚ÄúWe must assure the American people that the agencies under our jurisdiction operate fairly, treati‚Ä¶ https://t.co/pgXxPCSOTs",Thu Jun 28 14:27:29 +0000 2018,0.34,0.13,0.87,0.0
327,FoxNews,TSA warns Friday may be 'one of busiest days ever' in agency's history https://t.co/BKekFL3Rov,Thu Jun 28 14:09:33 +0000 2018,-0.1027,0.0,0.903,0.097
328,FoxNews,.@POTUS to meet Putin on July 16 https://t.co/HzCupwZ6zk https://t.co/Pvw6BBGrs0,Thu Jun 28 14:05:32 +0000 2018,0.0,0.0,1.0,0.0
329,FoxNews,.@SenTedCruz: ‚ÄúWe need to build the wall.‚Äù https://t.co/reFeQJkW57,Thu Jun 28 13:58:09 +0000 2018,0.0,0.0,1.0,0.0
330,FoxNews,.@SenTedCruz: ‚ÄúThis could well prove to be the most significant thing President Trump does in his entire time in of‚Ä¶ https://t.co/NkM9QVyloA,Thu Jun 28 13:49:46 +0000 2018,0.4927,0.181,0.819,0.0
331,FoxNews,".@SenTedCruz: ‚ÄúI‚Äôm grateful that under the Trump administration, we have an administration again that will stand up‚Ä¶ https://t.co/R869JbnSgE",Thu Jun 28 13:45:15 +0000 2018,0.4588,0.15,0.85,0.0
332,FoxNews,The House Judiciary Committee holds a hearing on ‚ÄúOversight of FBI and DOJ Actions Surrounding the 2016 Election.‚Äù‚Ä¶ https://t.co/1Sdv1SMbXc,Thu Jun 28 13:37:19 +0000 2018,0.0,0.0,1.0,0.0
333,FoxNews,TONIGHT: The Florida GOP gubernatorial debate moderated by @BretBaier and @marthamaccallum ‚Äì tune in at 6:30p ET on‚Ä¶ https://t.co/XuwhmhEGkz,Thu Jun 28 13:28:33 +0000 2018,0.0,0.0,1.0,0.0
334,FoxNews,OPINION: @NewtGingrich: We need welfare reform now ‚Äì Here‚Äôs why https://t.co/3CLdbgz4dP,Thu Jun 28 13:20:07 +0000 2018,0.0,0.0,1.0,0.0
335,FoxNews,Lightning strikes just feet away police officer in Florida https://t.co/dK3EGv0zQ8,Thu Jun 28 13:02:00 +0000 2018,-0.3612,0.0,0.783,0.217
336,FoxNews,.@AlanDersh on a replacement for Justice Kennedy @foxandfriends https://t.co/xrp6GtxYeO https://t.co/t2YPpKe62j,Thu Jun 28 12:56:33 +0000 2018,0.5267,0.298,0.702,0.0
337,FoxNews,RT @FoxBusiness: JUST IN: US Jobless claims rise more than expected https://t.co/qF1uysY3Pi,Thu Jun 28 12:49:00 +0000 2018,0.0,0.0,1.0,0.0
338,FoxNews,US military joins search for missing boys in Thailand cave as rescue shifts to hunt for other entrances https://t.co/7709LaxJie,Thu Jun 28 12:47:25 +0000 2018,0.2732,0.147,0.756,0.098
339,FoxNews,".@judgenap: ‚ÄúThis was the perfect, gentlemanly thing to do...This gives the president and the Senate the maximum ti‚Ä¶ https://t.co/Xhz1Qdteyz",Thu Jun 28 12:28:02 +0000 2018,0.5719,0.171,0.829,0.0
340,FoxNews,How a farming nonprofit helps veterans reintegrate into civilian life and recover from PTSD https://t.co/N1FgPVAU92,Thu Jun 28 12:25:01 +0000 2018,0.3818,0.167,0.833,0.0
341,FoxNews,"JUST IN: @POTUS will meet next month with Putin in Helsinki, Finland, @WhiteHouse announces https://t.co/O0PSB6wo5i",Thu Jun 28 12:13:40 +0000 2018,0.0,0.0,1.0,0.0
342,FoxNews,.@newtgingrich: ‚ÄúThe American people deserve to know whether or not the Justice Department and the FBI had been cor‚Ä¶ https://t.co/ghrZloVcDg,Thu Jun 28 12:02:50 +0000 2018,-0.4168,0.0,0.873,0.127
343,FoxNews,.@newtgingrich: ‚ÄúI think this is a huge moment for the president and for the country.‚Äù https://t.co/xrp6GtxYeO‚Ä¶ https://t.co/TRvA01Mdbt,Thu Jun 28 11:55:49 +0000 2018,0.3182,0.133,0.867,0.0
344,FoxNews,".@SenMikeLee on @POTUS: ‚ÄúOn the whole, I‚Äôve supported his efforts to restore federalism, to restore separation of p‚Ä¶ https://t.co/tXoTHe1clp",Thu Jun 28 11:40:46 +0000 2018,0.6908,0.295,0.705,0.0
345,FoxNews,.@SenMikeLee on @foxandfriends: ‚ÄúI‚Äôm honored even to be considered for something like this.‚Äù https://t.co/xrp6GtxYeO https://t.co/wGqjrU1gqV,Thu Jun 28 11:36:35 +0000 2018,0.743,0.326,0.674,0.0
346,FoxNews,"Photo of the Day: The full moon rises beyond One Kansas City Place in downtown Kansas City, Missouri. https://t.co/pxJw9mXKre",Thu Jun 28 11:14:08 +0000 2018,0.0,0.0,1.0,0.0
347,FoxNews,Goodlatte: Peter Strzok's Answers About Anti-Trump Texts 'Not Believable' https://t.co/xywLupj6Dj,Thu Jun 28 11:00:01 +0000 2018,0.0,0.0,1.0,0.0
348,FoxNews,".@SharkGregNorman: ""When I travel the world...people say, 'Welcome back, America.'"" https://t.co/SSGnKQWgAP",Thu Jun 28 10:59:16 +0000 2018,0.4588,0.25,0.75,0.0
349,FoxNews,.@ChickfilA worker saves choking customer with Heimlich maneuver: 'He's a hero' https://t.co/ovrFSic1Pq,Thu Jun 28 10:55:00 +0000 2018,0.1531,0.231,0.577,0.192
350,FoxNews,Victoria‚Äôs Secret model says bed bugs ‚Äòmassacred‚Äô her at hotel https://t.co/oNT3fZ3M6K,Thu Jun 28 10:49:09 +0000 2018,0.0,0.0,1.0,0.0
351,FoxNews,.@realDonaldTrump Rips @RepMaxineWaters at ND Rally: 'Imagine If I Said Those Things' https://t.co/brcJgHcLri,Thu Jun 28 10:42:40 +0000 2018,0.0,0.0,1.0,0.0
352,FoxNews,"Jonathan Turley on Justice Kennedy's retirement: ""The timing could not be better for the @WhiteHouse.""‚Ä¶ https://t.co/W6qXwxZAd3",Thu Jun 28 10:37:50 +0000 2018,0.2486,0.172,0.707,0.121
353,FoxNews,Scarlett Johansson denies claim that she auditioned to be in a relationship with Tom Cruise https://t.co/aizdsH6Kg0,Thu Jun 28 10:34:05 +0000 2018,-0.4215,0.0,0.833,0.167
354,FoxNews,"Mark Janus: ""Why should I, as a condition of employment, be forced to pay a fee in order to just work in a public s‚Ä¶ https://t.co/jdDzoVRMby",Thu Jun 28 10:29:41 +0000 2018,-0.5267,0.0,0.827,0.173
355,FoxNews,Hope Solo calls US soccer a 'rich white-kid sport' https://t.co/lneBkOwHEX,Thu Jun 28 10:26:08 +0000 2018,0.7579,0.481,0.519,0.0
356,FoxNews,".@DaveBratVA7th on @Ocasio2018: ""She's the underdog and so people like the underdog."" https://t.co/QTOXnHcfrC https://t.co/v2VPYD7VDE",Thu Jun 28 10:23:48 +0000 2018,0.4173,0.176,0.824,0.0
357,FoxNews,.@FLOTUS heading to southern border today to visit immigration centers https://t.co/1gF5ozcRpg,Thu Jun 28 10:16:58 +0000 2018,0.0,0.0,1.0,0.0
358,FoxNews,.@DouglasESchoen: Progressive Democrats win big in primaries (but it's risky when they copy Trump's behavior) https://t.co/IHBwSqsKly,Thu Jun 28 10:12:04 +0000 2018,0.4588,0.194,0.714,0.092
359,FoxNews,".@Judgenap: ""Every single person on that list is pro-life. So, the Democrats will see this is the potential demise‚Ä¶ https://t.co/oa6t7T61XQ",Thu Jun 28 10:08:39 +0000 2018,0.0,0.0,1.0,0.0
360,FoxNews,"Immigration lawyer trying to reunite mother, child claims ICE agent shoved her https://t.co/FXaDDx8UPK",Thu Jun 28 10:05:43 +0000 2018,0.0,0.0,1.0,0.0
361,FoxNews,"JUST IN: Summit between @POTUS and Putin to be in Helsinki, Finland https://t.co/zCcSFabtOU",Thu Jun 28 10:00:37 +0000 2018,0.0,0.0,1.0,0.0
362,FoxNews,DNC members groan when hearing news of Kennedy‚Äôs retirement https://t.co/XC1mJ2zdVe https://t.co/p4PLM2kbVd,Thu Jun 28 09:58:09 +0000 2018,0.0,0.0,1.0,0.0
363,FoxNews,"Naweed Tahmas: ""@UCBerkeley has demonstrated a pattern now of circumventing federal law, whether it's failing to up‚Ä¶ https://t.co/zom7Un1Rhe",Thu Jun 28 09:54:57 +0000 2018,-0.5106,0.0,0.829,0.171
364,FoxNews,".@KieranLalor: 'You definitely want to run with Trump on your side."" @FoxFriendsFirst https://t.co/kpTGHc8pqa",Thu Jun 28 09:50:04 +0000 2018,0.4588,0.267,0.733,0.0
365,FoxNews,"Man found dead at @Braves ballpark was installing beer system, reports say https://t.co/NyYt6PsnNZ",Thu Jun 28 09:48:41 +0000 2018,-0.6486,0.0,0.736,0.264
366,FoxNews,".@AreuCathy on @Ocasio2018: ""It's the Bernie message that it seems like millennials are responding to.""‚Ä¶ https://t.co/I54VUzzrn8",Thu Jun 28 09:39:18 +0000 2018,0.3612,0.143,0.857,0.0
367,FoxNews,Rescue personnel walk out of the entrance to a cave complex where it's believed that 12 soccer team members and the‚Ä¶ https://t.co/i0rFvqRefE,Thu Jun 28 09:33:28 +0000 2018,0.5106,0.142,0.858,0.0
368,FoxNews,CATCH OF A LIFETIME: One young fan‚Äôs night was complete after New York @Yankees outfielder Aaron Judge played catch‚Ä¶ https://t.co/2K8WsYMweD,Thu Jun 28 09:30:01 +0000 2018,0.34,0.118,0.882,0.0
369,FoxNews,.@NancyPelosi on @Ocasio2018's win: They made a choice in 1 district https://t.co/gdpfy0VMRI https://t.co/9DFKS1UMaM,Thu Jun 28 09:27:32 +0000 2018,0.5859,0.275,0.725,0.0
370,FoxNews,".@ASwoyer: ""The @DNC is actually already fundraising off of Justice Kennedy's retirement...They're hoping it energi‚Ä¶ https://t.co/6NhAYTT2lj",Thu Jun 28 09:21:21 +0000 2018,0.7351,0.307,0.693,0.0
371,FoxNews,"DHS formally asks Pentagon to house 12,000 migrant family members https://t.co/EVm67kihis",Thu Jun 28 09:14:00 +0000 2018,0.0,0.0,1.0,0.0
372,FoxNews,Benghazi mastermind sentenced to 22 years in prison on federal terrorism charges https://t.co/xEsbLLgZUN https://t.co/fWvlVax5yw,Thu Jun 28 09:10:45 +0000 2018,-0.8779,0.0,0.474,0.526
373,FoxNews,"Veteran, fianc√©e win 'dream wedding' in auction after couple calls it quits https://t.co/xK5K2D4fCX",Thu Jun 28 09:06:18 +0000 2018,0.7003,0.345,0.655,0.0
374,FoxNews,"Speeder caught driving 120 mph in a construction asks for a warning, gets something much worse https://t.co/iavWzG9jTU",Thu Jun 28 09:04:19 +0000 2018,-0.6705,0.0,0.703,0.297
375,FoxNews,"Jessica Vaughan: ""It was, I think, doomed to fail to begin with because of the size of the amnesty and the lack of‚Ä¶ https://t.co/znsfTeJkZA",Thu Jun 28 08:57:45 +0000 2018,-0.875,0.0,0.667,0.333
376,FoxNews,"Stormy Daniels' lawyer, Michael Avenatti, also represents planned pot farm: report https://t.co/5eoTt0baHy",Thu Jun 28 08:53:50 +0000 2018,0.0,0.0,1.0,0.0
377,FoxNews,TSA predicts busy holiday travel weekends https://t.co/nCs547yGVK,Thu Jun 28 08:49:43 +0000 2018,0.4019,0.31,0.69,0.0
378,FoxNews,"Daniel Hoffman on Trump-Putin summit: ""This is an important meeting, there is value there."" @FoxFriendsFirst https://t.co/je6eqeOYl6",Thu Jun 28 08:43:19 +0000 2018,0.4939,0.231,0.769,0.0
379,FoxNews,Lawyers for man accused of killing wife call for mistrial after Drew Peterson reference https://t.co/HUlYN7lAxk https://t.co/ZZyRz3vZuT,Thu Jun 28 08:39:54 +0000 2018,-0.765,0.0,0.68,0.32
380,FoxNews,"Trump, at ND rally, says keeping Senate in @GOP hands 'the most important thing' after Kennedy retirement‚Ä¶ https://t.co/dAvCpys2oZ",Thu Jun 28 08:34:12 +0000 2018,0.2716,0.11,0.89,0.0
381,FoxNews,Firefighters in Maine helped a 97-year-old widow of a World War II veteran with the patriotic task of raising a new‚Ä¶ https://t.co/PUepttpKRn,Thu Jun 28 08:30:44 +0000 2018,-0.5994,0.0,0.822,0.178
382,FoxNews,"Hans von Spakovsky: ""[Brett Kavanaugh] is the kind of conservative, the kind of constitutionalist that I'm sure tha‚Ä¶ https://t.co/gK8g62nbV3",Thu Jun 28 08:25:09 +0000 2018,0.3182,0.113,0.887,0.0
383,FoxNews,Peter Strzok grilled for hours on Capitol Hill over any involvement in start of Russia probe https://t.co/1yloW7Kg3i https://t.co/zI2wVVCuZJ,Thu Jun 28 08:18:15 +0000 2018,0.0,0.0,1.0,0.0
384,FoxNews,"President @realDonaldTrump arrives to speak at a campaign rally  in Fargo, North Dakota, on Wednesday.‚Ä¶ https://t.co/I8KlnHBDIf",Thu Jun 28 08:16:05 +0000 2018,0.0,0.0,1.0,0.0
385,FoxNews,Media frowning in disapproval as high court upholds #Trump travel ban https://t.co/GzTiIZ6rtP,Thu Jun 28 08:13:09 +0000 2018,-0.7184,0.0,0.625,0.375
386,FoxNews,Trump-Putin meeting details to be announced today https://t.co/GUOkCGlp81,Thu Jun 28 08:11:47 +0000 2018,0.0,0.0,1.0,0.0
387,FoxNews,"Justice Anthony Kennedy announces retirement, giving #Trump 2nd Supreme Court pick https://t.co/iOsqcmWaQw https://t.co/0yyZuGajTy",Thu Jun 28 08:08:45 +0000 2018,0.8555,0.485,0.515,0.0
388,FoxNews,Potential SCOTUS Nominees https://t.co/7Do7LBbAzT https://t.co/02WC8PtmoJ,Thu Jun 28 08:04:28 +0000 2018,0.0,0.0,1.0,0.0
389,FoxNews,"President @realDonaldTrump: ""When we're $500 billion down, they say 'Trump is starting a trade war.' I say, 'No, th‚Ä¶ https://t.co/YeLSczhZ0V",Thu Jun 28 08:00:00 +0000 2018,0.0,0.0,1.0,0.0
390,FoxNews,Anthony Kennedy: Swing justice wielded quiet power in a range of high-profile cases https://t.co/sNCf5HtWjp,Thu Jun 28 07:53:00 +0000 2018,0.5267,0.221,0.779,0.0
391,FoxNews,.@RochelleRitchie: ‚ÄúI think one of the problems in this country right now is that freedom of speech is only free wh‚Ä¶ https://t.co/Qfmf0ZGdyi,Thu Jun 28 07:45:00 +0000 2018,0.7003,0.257,0.651,0.092
392,FoxNews,The American flag flies near the national emblem of China outside of the Bayi Building before a welcome ceremony fo‚Ä¶ https://t.co/nVWtPdtujJ,Thu Jun 28 07:38:00 +0000 2018,0.4588,0.136,0.864,0.0
393,FoxNews,.@michellemalkin: ‚ÄúWhere are the Democrat leaders to condemn the disruption of the ordinary business of processing‚Ä¶ https://t.co/T1Pfa6sCOD,Thu Jun 28 07:30:00 +0000 2018,-0.6249,0.0,0.746,0.254
394,FoxNews,‚ÄòUnbearable‚Äô smelling passenger that caused plane‚Äôs emergency landing dies from tissue necrosis https://t.co/yG8Ny9z0bt,Thu Jun 28 07:23:00 +0000 2018,-0.3818,0.0,0.822,0.178
395,FoxNews,".@SenSchumer: ""Our Republican colleagues in the Senate should follow the rule they set in 2016: not to consider a S‚Ä¶ https://t.co/Fc9vH2uMtm",Thu Jun 28 07:15:00 +0000 2018,0.0,0.0,1.0,0.0
396,FoxNews,"CAN I GET A RIDE?: One alligator hitched a ride home from police after wandering away from a lake in Brandon, Flori‚Ä¶ https://t.co/tPAXO4QUMw",Thu Jun 28 07:07:00 +0000 2018,0.0,0.0,1.0,0.0
397,FoxNews,"President @realDonaldTrump on trade: ""The era of global freeloading and taking advantage of the United States is ov‚Ä¶ https://t.co/oMUgauUHeZ",Thu Jun 28 07:00:01 +0000 2018,0.3612,0.208,0.693,0.1
398,FoxNews,"Rapper Ty Dolla $ign tried to have blind woman, seeing-eye dog moved on plane because of allergies https://t.co/ao6YttWZcA",Thu Jun 28 06:53:00 +0000 2018,-0.0258,0.122,0.751,0.127
399,FoxNews,".@robertjeffress: ""President Trump is the most consequential president since Ronald Reagan. But I'm changing that t‚Ä¶ https://t.co/IZaraXS9GO",Thu Jun 28 06:45:00 +0000 2018,0.0,0.0,1.0,0.0
400,NYtimes,"2018 is ""officially, extremely canceled"" https://t.co/rSVC5CCQYs",Thu Jun 28 17:30:13 +0000 2018,0.0,0.0,1.0,0.0
401,NYtimes,Julie Ruvolo spoke about Silicon Valley's use of nondisclosure agreements to resolve harassment claims. She said An‚Ä¶ https://t.co/tl2CHXj3wM,Thu Jun 28 17:24:00 +0000 2018,0.0516,0.203,0.647,0.151
402,NYtimes,"While students publicly praise ideological classes on Mao, in private many say they find the courses dull and irrel‚Ä¶ https://t.co/xTdxiNnBWF",Thu Jun 28 17:20:05 +0000 2018,0.2263,0.148,0.741,0.111
403,NYtimes,"In 2016, Mitch McConnell repeatedly cited a nonexistent Senate ‚Äútradition‚Äù of not considering Supreme Court nominee‚Ä¶ https://t.co/sTv6lK4plJ",Thu Jun 28 17:10:04 +0000 2018,-0.4449,0.0,0.837,0.163
404,NYtimes,A region that is already home to some of the world‚Äôs poorest and hungriest people could face greater misery if noth‚Ä¶ https://t.co/cpGqkXyR6L,Thu Jun 28 17:00:17 +0000 2018,-0.6908,0.09,0.65,0.26
405,NYtimes,"In an effort to help get its millions of packages to shoppers faster, Amazon wants to build an army of delivery peo‚Ä¶ https://t.co/RbvjpVp4eM",Thu Jun 28 16:50:05 +0000 2018,0.5267,0.173,0.827,0.0
406,NYtimes,"Gwyneth Paltrow, who told us how she was expected to keep Harvey Weinstein's unwanted advances a secret, said to se‚Ä¶ https://t.co/bKGOwAUWIQ",Thu Jun 28 16:46:15 +0000 2018,-0.2263,0.0,0.909,0.091
407,NYtimes,"Deborah Harris reported being ‚Äúberated and humiliated‚Äù by Benjamin Genocchio, the executive director of the Armory‚Ä¶ https://t.co/6msApPNkyi",Thu Jun 28 16:44:00 +0000 2018,0.0,0.0,1.0,0.0
408,NYtimes,"Along with the seismic triumph of Alexandria Ocasio-Cortez in New York, Ben Jealous's victory signaled enthusiasm b‚Ä¶ https://t.co/QmekU9jkkp",Thu Jun 28 16:40:07 +0000 2018,0.7184,0.273,0.727,0.0
409,NYtimes,"The movie ""Rabbit-Proof Fence"" told the story of Daisy Kadibil and 2 other Aboriginal Australians who were taken fr‚Ä¶ https://t.co/nn1VtHnfpu",Thu Jun 28 16:30:20 +0000 2018,0.0,0.0,1.0,0.0
410,NYtimes,The identity of a London jogger who pushed a woman into the path of a bus will most likely remain a mystery as the‚Ä¶ https://t.co/vqsVpstbNu,Thu Jun 28 16:20:09 +0000 2018,0.0,0.0,1.0,0.0
411,NYtimes,RT @nytopinion: America‚Äôs outdated political system allowed Trump and the party of the monocultural country to seize total control of the s‚Ä¶,Thu Jun 28 16:18:07 +0000 2018,0.4019,0.114,0.886,0.0
412,NYtimes,"A former aide to Roger Stone, the longtime Trump adviser, was subpoenaed by the Russia special counsel Robert Muell‚Ä¶ https://t.co/4ka9Fqovf3",Thu Jun 28 16:11:30 +0000 2018,0.4019,0.13,0.87,0.0
413,NYtimes,Drew Dixon: ‚ÄúIt‚Äôs complicated as a black woman ‚Äî do you take it for the team? Which is what I did for 22 years. Or‚Ä¶ https://t.co/SS8kGESjr1,Thu Jun 28 16:04:00 +0000 2018,0.0,0.0,1.0,0.0
414,NYtimes,"For $15-an-hour jobs, a Colorado business owner said she can't find workers. She wants to hire foreigners, but that‚Ä¶ https://t.co/TchYbrkgFt",Thu Jun 28 16:00:19 +0000 2018,0.0,0.0,1.0,0.0
415,NYtimes,‚ÄúMy stomach dropped. I know that Trump is hellbent on replacing any justice with somebody who would be a threat to‚Ä¶ https://t.co/w2X63n6pa8,Thu Jun 28 15:50:03 +0000 2018,0.0,0.137,0.726,0.137
416,NYtimes,Is it lunchtime yet? https://t.co/SyhWokpAiD,Thu Jun 28 15:40:09 +0000 2018,0.0,0.0,1.0,0.0
417,NYtimes,RT @melenar: They kept secrets about powerful men for years. How did it feel to speak their truth? 20 people who said #MeToo tell us what h‚Ä¶,Thu Jun 28 15:30:14 +0000 2018,0.6249,0.169,0.831,0.0
418,NYtimes,Natalie Saibel: ‚ÄúI didn‚Äôt want it to be just about me and my validation and my revenge. I wanted others to have a s‚Ä¶ https://t.co/3eboAoDwhL,Thu Jun 28 15:24:00 +0000 2018,-0.4767,0.051,0.817,0.132
419,NYtimes,"The British Museum's director condemned the modern ivory trade, but defended the decision to preserve existing ivor‚Ä¶ https://t.co/t3PEMnNEv3",Thu Jun 28 15:20:06 +0000 2018,-0.2382,0.0,0.897,0.103
420,NYtimes,"Fueled by alarm over the separation of migrant children from their parents, local governments around the U.S. are e‚Ä¶ https://t.co/WSKI9wdFNb",Thu Jun 28 15:10:07 +0000 2018,-0.34,0.0,0.888,0.112
421,NYtimes,"RT @nytgraphics: After Kennedy's exit, the Supreme Court's center is likely to shift right. https://t.co/OitsndfgFy https://t.co/S2nVlJ9nqo",Thu Jun 28 15:07:31 +0000 2018,0.5574,0.194,0.806,0.0
422,NYtimes,"Given a second Supreme Court vacancy to fill, President Trump appears likely to go down in American history as an u‚Ä¶ https://t.co/6bfmHTtiEI",Thu Jun 28 15:00:21 +0000 2018,0.5574,0.153,0.847,0.0
423,NYtimes,Wendy Walsh was the only woman who spoke publicly about her sexual harassment allegations against Bill O'Reilly in‚Ä¶ https://t.co/OMcu063Oh4,Thu Jun 28 14:54:00 +0000 2018,-0.5423,0.0,0.837,0.163
424,NYtimes,"""We had people running this like a 1998 City Council race and not a 2018 congressional primary,"" said one person in‚Ä¶ https://t.co/8DrylxtsZL",Thu Jun 28 14:50:07 +0000 2018,0.4357,0.131,0.869,0.0
425,NYtimes,"In Opinion

Op-Ed contributor @emilybazelon writes, ""If ever there were a time for more people to reckon with what‚Ä¶ https://t.co/JcZ0WsA1m6",Thu Jun 28 14:40:05 +0000 2018,0.0,0.0,1.0,0.0
426,NYtimes,"""Your lenient sentence amounts to a slap on the wrist for a serial rapist whose violent and sadistic sex crimes wil‚Ä¶ https://t.co/CSDeridoQY",Thu Jun 28 14:30:08 +0000 2018,-0.7783,0.174,0.521,0.306
427,NYtimes,"Suzette Wright, a Ford factory worker in the 1990s, who told The Times about the culture of harassment there.

‚ÄúI k‚Ä¶ https://t.co/Hrv592mELh",Thu Jun 28 14:26:11 +0000 2018,-0.5423,0.0,0.851,0.149
428,NYtimes,Here‚Äôs a list of potential nominees for the Supreme Court https://t.co/peIklM0Y8Y,Thu Jun 28 14:15:08 +0000 2018,0.5574,0.286,0.714,0.0
429,NYtimes,"""There was nobody who could shut her up,"" Alexandria Ocasio-Cortez's mother said. ""I saw the political tendencies s‚Ä¶ https://t.co/CInqv6zLaG",Thu Jun 28 14:00:19 +0000 2018,0.0,0.0,1.0,0.0
430,NYtimes,It's win-and-you're-in for Senegal and Colombia today. Follow here for live updates: https://t.co/L4dGBR1uGP,Thu Jun 28 13:55:02 +0000 2018,0.0,0.0,1.0,0.0
431,NYtimes,"The men were shunned, fired and swept aside. But what happened to their accusers? 20 people reveal what came after‚Ä¶ https://t.co/L3GkDJwnGL",Thu Jun 28 13:45:09 +0000 2018,-0.3182,0.0,0.897,0.103
432,NYtimes,"For Republicans, the timing of Justice Kennedy's retirement couldn't be better: A conservative nominee could energi‚Ä¶ https://t.co/qdx3FFDwXe",Thu Jun 28 13:31:07 +0000 2018,0.2486,0.172,0.707,0.121
433,NYtimes,Facebook said it would halt its internet drone project. A plant in western England where the planes were being manu‚Ä¶ https://t.co/DU3v4agdhM,Thu Jun 28 13:20:10 +0000 2018,0.0,0.0,1.0,0.0
434,NYtimes,Soccer is full of African players at the highest level. But there are just 2 African coaches at the World Cup: Sene‚Ä¶ https://t.co/BHQT5nmyKQ,Thu Jun 28 13:10:03 +0000 2018,0.0,0.0,1.0,0.0
435,NYtimes,"Ashley Judd was the first actress to go on the record about Harvey Weinstein.

""I trusted that things would fall in‚Ä¶ https://t.co/E2bBRI4UUb",Thu Jun 28 13:02:00 +0000 2018,0.4767,0.129,0.871,0.0
436,NYtimes,Morning¬†Briefing: Here's what you need to know to start your day https://t.co/ZaAKBWMWfG https://t.co/kVzZTLLGTa,Thu Jun 28 13:00:15 +0000 2018,0.0,0.0,1.0,0.0
437,NYtimes,Officials are considering drilling through the mountaintop to reach the boys and their coach who have been trapped‚Ä¶ https://t.co/TV6om0EKbA,Thu Jun 28 13:00:07 +0000 2018,0.0258,0.058,0.942,0.0
438,NYtimes,"Breaking News: President Trump will hold one-on-one talks with President Vladimir Putin in Helsinki on July 16, the‚Ä¶ https://t.co/2seUKRiXWS",Thu Jun 28 12:40:52 +0000 2018,0.0,0.0,1.0,0.0
439,NYtimes,"Chobani, the Greek yogurt maker with progressive workplace policies and a large refugee workforce, has a major new‚Ä¶ https://t.co/bCKLCCa1X1",Thu Jun 28 12:30:08 +0000 2018,0.0,0.0,1.0,0.0
440,NYtimes,White supremacist groups are increasingly using propaganda like fliers and posters to spread bigoted messages on co‚Ä¶ https://t.co/ZP9NOxhMif,Thu Jun 28 12:15:07 +0000 2018,0.25,0.19,0.714,0.095
441,NYtimes,"Your daily @DealBook Briefing:

‚Ä¢ Corporate America is getting the Supreme Court it wants.¬†

‚Ä¢ How Trump is trying‚Ä¶ https://t.co/FxCC8LNAx5",Thu Jun 28 12:10:04 +0000 2018,0.5574,0.175,0.825,0.0
442,NYtimes,Video: Anthony Kennedy's legacy https://t.co/aNa4yGsTIG,Thu Jun 28 12:08:04 +0000 2018,0.0,0.0,1.0,0.0
443,NYtimes,They said #MeToo. Now they're telling us what happened next. https://t.co/D8p5Jl6G2k,Thu Jun 28 11:44:05 +0000 2018,0.0,0.0,1.0,0.0
444,NYtimes,"""I'm very honored that he chose to do it during my term in office because he felt confident for me to make the righ‚Ä¶ https://t.co/Cw9j1e7JgL",Thu Jun 28 11:31:09 +0000 2018,0.807,0.241,0.759,0.0
445,NYtimes,18 women and 2 men told us what they experienced after they shared their harrowing stories. Here‚Äôs how saying‚Ä¶ https://t.co/HwjAeUaLL1,Thu Jun 28 11:23:40 +0000 2018,0.34,0.118,0.882,0.0
446,NYtimes,"A video shows Elaine Chao defending Mitch McConnell, her husband, as students confront them on Georgetown Universit‚Ä¶ https://t.co/C8o9nxWl3Z",Thu Jun 28 11:21:04 +0000 2018,-0.1779,0.0,0.904,0.096
447,NYtimes,Justice Anthony Kennedy has often been considered the Supreme Court's ideological center. His retirement could fund‚Ä¶ https://t.co/tEvfHFKo4z,Thu Jun 28 11:11:06 +0000 2018,0.7906,0.318,0.682,0.0
448,NYtimes,A Kansas City immigration lawyer said she broke her foot after being pushed to the ground by an ICE officer. She wa‚Ä¶ https://t.co/y4VEQzwkHi,Thu Jun 28 11:00:03 +0000 2018,-0.4215,0.0,0.882,0.118
449,NYtimes,"""I must take responsibility for this,"" said Joachim L√∂w, the German coach, after his team crashed out of the World‚Ä¶ https://t.co/1SRINc9x29",Thu Jun 28 10:49:03 +0000 2018,0.0,0.0,1.0,0.0
450,NYtimes,"Fans heaved the South Korean consul general onto their shoulders and danced him through the streets. ""Coreano, herm‚Ä¶ https://t.co/WGtqPYDiOK",Thu Jun 28 10:40:05 +0000 2018,0.0,0.0,1.0,0.0
451,NYtimes,Australia approved sweeping national security legislation that bans foreign interference in politics https://t.co/t2j4d0Mvhe,Thu Jun 28 10:30:06 +0000 2018,0.6369,0.321,0.679,0.0
452,NYtimes,The Netherlands is the latest European nation to pass a law that directly affects the lives of Muslim women https://t.co/PiiGu2r5Gl,Thu Jun 28 10:14:06 +0000 2018,0.0,0.0,1.0,0.0
453,NYtimes,Morning¬†Briefing: Here's what you need to know to start your day https://t.co/8Wv8yNBKcJ https://t.co/z5FajAaMrR,Thu Jun 28 10:00:07 +0000 2018,0.0,0.0,1.0,0.0
454,NYtimes,"We know what became of the accused men, the alleged perpetrators. But as the #MeToo movement grew, what happened to‚Ä¶ https://t.co/jQaLI7UXAt",Thu Jun 28 09:44:04 +0000 2018,-0.2732,0.0,0.86,0.14
455,NYtimes,Justice Kennedy joined both the conservative and liberal blocs of justices to provide a decisive vote in several la‚Ä¶ https://t.co/cWvw3mqzRh,Thu Jun 28 09:30:08 +0000 2018,0.6486,0.238,0.762,0.0
456,NYtimes,It is the paradox of Europe's migration crisis: The actual number of arriving migrants is back to its pre-2015 leve‚Ä¶ https://t.co/wxJwXc4894,Thu Jun 28 09:14:05 +0000 2018,-0.6369,0.052,0.726,0.222
457,NYtimes,A photo showed a security guard standing several feet behind civilians who were apparently trying to seize a man su‚Ä¶ https://t.co/S628l58jPu,Thu Jun 28 09:00:06 +0000 2018,0.34,0.124,0.876,0.0
458,NYtimes,"Now China has control of territory just a few hundred miles off the shores of its rival, India, and a strategic foo‚Ä¶ https://t.co/LfWiF1imkO",Thu Jun 28 08:52:40 +0000 2018,0.0,0.0,1.0,0.0
459,NYtimes,The case is one of the most vivid examples of China‚Äôs ambitious use of loans and aid to gain influence around the w‚Ä¶ https://t.co/m4tE4cY0tK,Thu Jun 28 08:51:51 +0000 2018,0.7579,0.228,0.772,0.0
460,NYtimes,"Now, a months-long Times investigation shows how China and the companies under its control ensured their interests‚Ä¶ https://t.co/SdhiZg0l8P",Thu Jun 28 08:50:55 +0000 2018,0.0,0.0,1.0,0.0
461,NYtimes,"Sri Lanka had struggled to pay its debt to Chinese firms. So in December, it handed over a strategic port and 15,00‚Ä¶ https://t.co/QkijOn6akx",Thu Jun 28 08:44:03 +0000 2018,-0.6486,0.0,0.751,0.249
462,NYtimes,"RT @nytimesworld: In 2017, more than 10,000 children were either killed or maimed worldwide, a new U.N. report on children and armed confli‚Ä¶",Thu Jun 28 08:31:08 +0000 2018,-0.6705,0.0,0.824,0.176
463,NYtimes,Joe Jackson molded his sons into the immensely popular Jackson 5 and helped launch his son Michael and his daughter‚Ä¶ https://t.co/pxODRcgKSf,Thu Jun 28 08:15:08 +0000 2018,0.4215,0.128,0.872,0.0
464,NYtimes,"In February, Poland made it illegal to accuse the Polish nation of complicity in the Holocaust. On Wednesday, the n‚Ä¶ https://t.co/fENYYcFXfm",Thu Jun 28 08:02:03 +0000 2018,-0.6597,0.0,0.779,0.221
465,NYtimes,Runaway inflation has thrown Venezuela into chaos and made food and medicine desperately scarce‚Ä¶ https://t.co/IrC5zzIVYZ,Thu Jun 28 07:47:25 +0000 2018,-0.743,0.0,0.674,0.326
466,NYtimes,The president of South Sudan and his former vice president have signed a peace deal. Many worry that a lasting reso‚Ä¶ https://t.co/SfCGQ40yKG,Thu Jun 28 07:32:01 +0000 2018,0.1531,0.143,0.738,0.119
467,NYtimes,It was supposed to be a debate on assigning blame for chemical weapons attacks. Russia turned it into a discussion‚Ä¶ https://t.co/NrzUoMQhlg,Thu Jun 28 07:17:02 +0000 2018,-0.802,0.0,0.661,0.339
468,NYtimes,"Japan's Hayabusa2 spacecraft has arrived at the Ryugu asteroid, sending back views of its dimpled and rock-strewn s‚Ä¶ https://t.co/iNlfXSkzXp",Thu Jun 28 07:02:01 +0000 2018,0.0,0.0,1.0,0.0
469,NYtimes,Scientists have captured the clearest and most detailed image yet of Zika. The work could contribute to the develop‚Ä¶ https://t.co/yO6d6wYVSb,Thu Jun 28 06:47:53 +0000 2018,0.0,0.0,1.0,0.0
470,NYtimes,A guide to some of the biggest blockchain projects outside of Bitcoin https://t.co/5Z19OyPcdR,Thu Jun 28 06:31:18 +0000 2018,0.0,0.0,1.0,0.0
471,NYtimes,"Lindsay Lohan is turning 32 in July. For the first time in her life, she says she feels safe. https://t.co/O32euKaKTp",Thu Jun 28 06:14:25 +0000 2018,0.4404,0.132,0.868,0.0
472,NYtimes,"Sleep apnea can be downright deadly, and not just for those who have it. https://t.co/yauJWKLwKB",Thu Jun 28 05:58:11 +0000 2018,0.0,0.0,1.0,0.0
473,NYtimes,"RT @nytopinion: For those who face the future in fear after today, there is one clear duty: Show up and vote, in November and always. https‚Ä¶",Thu Jun 28 05:42:05 +0000 2018,-0.1531,0.087,0.805,0.107
474,NYtimes,Take a closer look at the kick that sealed Brazil‚Äôs place in the round of 16 at the World Cup https://t.co/2Gf35OKckQ,Thu Jun 28 05:22:05 +0000 2018,0.0,0.0,1.0,0.0
475,NYtimes,California banning soda taxes? A new strategy by the soda industry is stunning some lawmakers. https://t.co/XgUSqK4rd7,Thu Jun 28 05:02:04 +0000 2018,0.3818,0.157,0.843,0.0
476,NYtimes,"RT @nytpolitics: News Analysis: No matter what else happens in his presidency, @charlie_savage writes, the retirement of Justice Anthony Ke‚Ä¶",Thu Jun 28 04:41:03 +0000 2018,0.3182,0.19,0.717,0.093
477,NYtimes,"As Cameroon English Speakers Fight to Break Away, Violence Mounts https://t.co/1RSH0xP9EG",Thu Jun 28 04:32:17 +0000 2018,-0.7717,0.0,0.573,0.427
478,NYtimes,"The Dutch parliament‚Äôs Upper House has approved a partial ban on face coverings in some public areas, a spokesman s‚Ä¶ https://t.co/IjQTldLh6O",Thu Jun 28 04:22:01 +0000 2018,-0.2023,0.12,0.726,0.154
479,NYtimes,"Review: The documentary ""Three Identical Strangers‚Äù is an engrossing and sometimes enraging documentary about reuni‚Ä¶ https://t.co/X8oZHYvfam",Thu Jun 28 04:06:05 +0000 2018,-0.5859,0.0,0.798,0.202
480,NYtimes,Hills Ablaze Above Manchester as U.K. Wildfire Rages for 4th Day https://t.co/6AiznhrDMB,Thu Jun 28 03:49:47 +0000 2018,-0.4767,0.0,0.78,0.22
481,NYtimes,"In Volgograd, It‚Äôs Stalin Who Lurks on the Sideline https://t.co/et2sDgL3uf",Thu Jun 28 03:47:20 +0000 2018,-0.2263,0.0,0.826,0.174
482,NYtimes,"‚ÄúKennedy was the firewall for abortion rights for as long as he was there,‚Äù a professor at the Florida State Univer‚Ä¶ https://t.co/NrQ53EH25S",Thu Jun 28 03:47:04 +0000 2018,0.0,0.0,1.0,0.0
483,NYtimes,"NASA again delays launch of the Webb telescope, this time for 3 years and estimates it will cost $1 billion more to‚Ä¶ https://t.co/3EGU7Xi4P3",Thu Jun 28 03:32:04 +0000 2018,0.0,0.0,1.0,0.0
484,NYtimes,"RT @NYTMetro: A new report on New York's subway delays: ‚ÄúLower-income people tend to have longer commute times, and in turn have more oppor‚Ä¶",Thu Jun 28 03:17:06 +0000 2018,0.0,0.0,1.0,0.0
485,NYtimes,"A drop of good news about the world‚Äôs oceans: The Belize Barrier Reef, the largest coral reef system in the Norther‚Ä¶ https://t.co/fMg9NG1B5D",Thu Jun 28 03:02:06 +0000 2018,0.0772,0.118,0.735,0.147
486,NYtimes,"RT @nytgraphics: With Justice Kennedy's retirement, the Supreme Court loses its swing vote.
https://t.co/LT6IfMh9PP",Thu Jun 28 02:47:01 +0000 2018,0.6908,0.345,0.542,0.113
487,NYtimes,"Cousins' DNA, uploaded to an ancestry site, leads to 3 more arrests https://t.co/qqJsQLhgrD",Thu Jun 28 02:32:07 +0000 2018,-0.4927,0.0,0.775,0.225
488,NYtimes,"News Analysis: Courts are by tradition named for the chief justice. But if influence were the deciding factor, it w‚Ä¶ https://t.co/Ih5Z9Fjsuu",Thu Jun 28 02:17:05 +0000 2018,0.296,0.099,0.901,0.0
489,NYtimes,RT @TheSteinLine: The Mavericks are actively exploring trade scenarios with the Clippers and former flame DeAndre Jordan in hopes of tradin‚Ä¶,Thu Jun 28 02:10:25 +0000 2018,0.6249,0.212,0.788,0.0
490,NYtimes,"Only in America, getaway drivers and lookouts can face the same penalty for a death as the killer. California is ha‚Ä¶ https://t.co/HZbnXVNxOu",Thu Jun 28 02:02:07 +0000 2018,-0.9042,0.0,0.616,0.384
491,NYtimes,RT @anahadoconnor: Many cities enacted soda taxes to reduce sugar intake and increase their revenues. But now the soda industry is fighting‚Ä¶,Thu Jun 28 01:47:06 +0000 2018,0.1655,0.073,0.927,0.0
492,NYtimes,A guide to some of the biggest blockchain projects outside of Bitcoin https://t.co/T6fXAQG8ML,Thu Jun 28 01:32:06 +0000 2018,0.0,0.0,1.0,0.0
493,NYtimes,"RT @NYTMetro: Alexandria Ocasio-Cortez can add instant political rock star to a r√©sum√© that up to now included waitress, bartender, childre‚Ä¶",Thu Jun 28 01:17:07 +0000 2018,0.0,0.0,1.0,0.0
494,NYtimes,Evening Briefing: Here's what you need to know at the end of the day https://t.co/zZ5UA7U9JV,Thu Jun 28 01:02:06 +0000 2018,0.0,0.0,1.0,0.0
495,NYtimes,"In Mexico City, hundreds of fans celebrated outside the South Korea embassy, lifting the consul general on their sh‚Ä¶ https://t.co/h4h6gS21nk",Thu Jun 28 00:47:04 +0000 2018,0.5719,0.163,0.837,0.0
496,NYtimes,"RT @ShaneGoldmacher: NEW: The last poll Joe Crowley took showed up leading by  **36 points** in early June.

My story inside the Crowley co‚Ä¶",Thu Jun 28 00:41:04 +0000 2018,0.0,0.0,1.0,0.0
497,NYtimes,"On a big day in the World Cup, here‚Äôs a diversion: We removed the ball from photos of group-stage games. See if you‚Ä¶ https://t.co/PjBxxz2DxG",Thu Jun 28 00:32:07 +0000 2018,0.0,0.0,1.0,0.0
498,NYtimes,"RT @emilybazelon: Well, here are my thoughts on the retirement of Justice Kennedy.

https://t.co/4vEYBgHMZK",Thu Jun 28 00:17:05 +0000 2018,0.6705,0.314,0.686,0.0
499,NYtimes,A Kansas City immigration lawyer said she broke her foot after being pushed to the ground by an ICE officer. She wa‚Ä¶ https://t.co/utMRWvXuEX,Thu Jun 28 00:02:07 +0000 2018,-0.4215,0.0,0.882,0.118
